,Type,ID,DN,Laying System,Length,Flow,Build Year,Connection,Life Status,Failure Year,Failure Degree,Failure Types,Decommission Year
0,KMR,761856,65,Burried,4,Return,1998,House,InOperation,[0],['NoFailure'],['NoFailure'],0
1,KMR,741382,65,Burried,15,Supply,2019,Line,InOperation,[0],['NoFailure'],['NoFailure'],0
2,KMR,172046,50,Burried,18,Return,1980,Line,Decommissioned,[0],['NoFailure'],['NoFailure'],2023
3,KMR,258063,32,Burried,19,Supply,2019,Line,InOperation,[0],['NoFailure'],['NoFailure'],0
4,KMR,260128,150,Burried,119,Return,1984,Line,InOperation,[0],['NoFailure'],['NoFailure'],0
5,KMR,966688,300,Burried,8,Supply,2017,House,InOperation,[0],['NoFailure'],['NoFailure'],0
6,KMR,710692,65,Burried,46,Supply,1988,House,InOperation,[0],['NoFailure'],['NoFailure'],0
7,KMR,962597,80,Burried,13,Return,1983,Line,Decommissioned,[0],['NoFailure'],['NoFailure'],1984
8,KMR,991273,150,Burried,24,Supply,1973,House,InOperation,[0],['NoFailure'],['NoFailure'],0
9,KMR,342058,200,Burried,12,Return,2018,Line,InOperation,[0],['NoFailure'],['NoFailure'],0
10,KMR,428073,150,Burried,1,Return,1989,Line,InOperation,[0],['NoFailure'],['NoFailure'],0
11,KMR,698409,50,Burried,20,Supply,1973,Line,Decommissioned,[0],['NoFailure'],['NoFailure'],1974
12,KMR,884781,80,Burried,33,Return,1983,House,InOperation,[0],['NoFailure'],['NoFailure'],0
13,KMR,299053,80,Burried,3,Supply,1992,House,InOperation,[0],['NoFailure'],['NoFailure'],0
14,KMR,229424,65,Burried,15,Return,1974,House,InOperation,[0],['NoFailure'],['NoFailure'],0
15,KMR,204849,25,Burried,2,Supply,1981,House,InOperation,[0],['NoFailure'],['NoFailure'],0
16,KMR,854069,125,Burried,23,Return,2009,Line,InOperation,[0],['NoFailure'],['NoFailure'],0
17,KMR,948277,50,Burried,15,Return,2014,Line,InOperation,[0],['NoFailure'],['NoFailure'],0
18,KMR,872504,200,Burried,13,Supply,1997,Line,InOperation,[0],['NoFailure'],['NoFailure'],0
19,KMR,727098,200,Burried,32,Supply,2014,Line,InOperation,[0],['NoFailure'],['NoFailure'],0
20,KMR,682049,50,Burried,21,Supply,2010,House,InOperation,[0],['NoFailure'],['NoFailure'],0
21,KMR,909379,50,Burried,23,Return,1986,Line,InOperation,[0],['NoFailure'],['NoFailure'],0
22,KMR,622662,32,Burried,34,Return,2004,Line,InOperation,[0],['NoFailure'],['NoFailure'],0
23,KMR,632903,65,Burried,51,Supply,1983,House,InOperation,[0],['NoFailure'],['NoFailure'],0
24,KMR,280652,65,Burried,15,Return,2002,House,InOperation,[0],['NoFailure'],['NoFailure'],0
25,KMR,180307,25,Burried,5,Supply,1987,House,InOperation,[0],['NoFailure'],['NoFailure'],0
26,KMR,370772,40,Burried,15,Supply,2012,House,InOperation,[0],['NoFailure'],['NoFailure'],0
27,KMR,249941,65,Burried,23,Supply,2002,House,Decommissioned,[0],['NoFailure'],['NoFailure'],2003
28,KMR,587860,32,Burried,11,Return,1990,House,InOperation,[0],['NoFailure'],['NoFailure'],0
29,KMR,675924,40,Burried,4,Supply,1977,House,InOperation,[0],['NoFailure'],['NoFailure'],0
30,KMR,882774,40,Burried,66,Supply,1988,House,InOperation,[0],['NoFailure'],['NoFailure'],0
31,KMR,446553,50,Burried,42,Return,2004,House,InOperation,[0],['NoFailure'],['NoFailure'],0
32,KMR,807002,350,Burried,38,Supply,1976,Line,InOperation,[0],['NoFailure'],['NoFailure'],0
33,KMR,917595,50,Burried,17,Supply,1980,House,Decommissioned,[0],['NoFailure'],['NoFailure'],1981
34,KMR,309339,25,Burried,12,Return,1972,Line,InOperation,[0],['NoFailure'],['NoFailure'],0
35,KMR,987129,300,Burried,21,Supply,1976,House,Decommissioned,[0],['NoFailure'],['NoFailure'],1977
36,KMR,467038,80,Burried,46,Return,2017,House,InOperation,[0],['NoFailure'],['NoFailure'],0
37,KMR,536671,65,Burried,24,Return,2002,House,InOperation,[0],['NoFailure'],['NoFailure'],0
38,KMR,204891,50,Burried,17,Supply,1995,House,Decommissioned,[0],['NoFailure'],['NoFailure'],2023
39,KMR,526433,250,Burried,22,Return,1987,Line,InOperation,[0],['NoFailure'],['NoFailure'],0
40,KMR,694369,65,Burried,23,Supply,1975,House,InOperation,[0],['NoFailure'],['NoFailure'],0
41,KMR,180316,25,Burried,8,Supply,2021,Line,InOperation,[0],['NoFailure'],['NoFailure'],0
42,KMR,297061,125,Burried,24,Supply,1984,Line,InOperation,[0],['NoFailure'],['NoFailure'],0
43,KMR,829542,65,Burried,9,Return,2005,House,InOperation,[0],['NoFailure'],['NoFailure'],0
44,KMR,215145,100,Burried,8,Supply,2006,Line,InOperation,[0],['NoFailure'],['NoFailure'],0
45,KMR,985196,100,Burried,36,Return,1978,Line,InOperation,[0],['NoFailure'],['NoFailure'],0
46,KMR,688239,50,Burried,5,Supply,2014,House,InOperation,[0],['NoFailure'],['NoFailure'],0
47,KMR,135281,65,Burried,76,Return,1999,Line,InOperation,[0],['NoFailure'],['NoFailure'],0
48,KMR,882802,40,Burried,11,Supply,1981,Line,InOperation,[0],['NoFailure'],['NoFailure'],0
49,KMR,731250,40,Burried,21,Return,1998,House,InOperation,[0],['NoFailure'],['NoFailure'],0
50,KMR,876660,40,Burried,13,Supply,1986,House,InOperation,[0],['NoFailure'],['NoFailure'],0
51,KMR,819316,125,Burried,32,Supply,1980,House,InOperation,[0],['NoFailure'],['NoFailure'],0
52,KMR,802934,65,Burried,18,Return,1978,Line,InOperation,[0],['NoFailure'],['NoFailure'],0
53,KMR,544887,150,Burried,7,Supply,1974,Line,InOperation,[0],['NoFailure'],['NoFailure'],0
54,KMR,145529,250,Burried,11,Return,2002,House,InOperation,[0],['NoFailure'],['NoFailure'],0
55,KMR,841852,150,Burried,21,Return,1993,House,InOperation,[0],['NoFailure'],['NoFailure'],0
56,KMR,530557,40,Burried,22,Return,2011,Line,InOperation,[0],['NoFailure'],['NoFailure'],0
57,KMR,211069,50,Burried,49,Return,2021,House,InOperation,[0],['NoFailure'],['NoFailure'],0
58,KMR,864387,65,Burried,7,Supply,1999,Line,InOperation,[0],['NoFailure'],['NoFailure'],0
59,KMR,686212,40,Burried,37,Supply,2012,House,InOperation,[0],['NoFailure'],['NoFailure'],0
60,KMR,413827,40,Burried,18,Supply,1987,House,InOperation,[0],['NoFailure'],['NoFailure'],0
61,KMR,264326,40,Burried,24,Supply,2016,Line,InOperation,[0],['NoFailure'],['NoFailure'],0
62,KMR,784516,32,Burried,3,Supply,1991,Line,InOperation,[0],['NoFailure'],['NoFailure'],0
63,KMR,569482,40,Burried,36,Return,2018,House,InOperation,[0],['NoFailure'],['NoFailure'],0
64,KMR,313489,40,Burried,16,Supply,2018,Line,InOperation,[0],['NoFailure'],['NoFailure'],0
65,KMR,718994,80,Burried,4,Supply,2002,House,InOperation,[0],['NoFailure'],['NoFailure'],0
66,KMR,280726,250,Burried,18,Supply,1990,House,InOperation,[0],['NoFailure'],['NoFailure'],0
67,KMR,172189,80,Burried,9,Return,1995,House,InOperation,[0],['NoFailure'],['NoFailure'],0
68,KMR,592031,65,Burried,26,Return,2005,House,InOperation,[0],['NoFailure'],['NoFailure'],0
69,KMR,925859,150,Burried,33,Return,1991,Line,InOperation,[0],['NoFailure'],['NoFailure'],0
70,KMR,841893,40,Burried,18,Return,1980,Line,InOperation,[0],['NoFailure'],['NoFailure'],0
71,KMR,125095,125,Burried,20,Return,2020,House,Decommissioned,[2020],['Trivial'],['Installation'],2020
72,KMR,379048,80,Burried,54,Return,1993,House,InOperation,[0],['NoFailure'],['NoFailure'],0
73,KMR,268458,40,Burried,20,Return,2005,House,Decommissioned,[0],['NoFailure'],['NoFailure'],2023
74,KMR,970923,80,Burried,16,Supply,2006,House,InOperation,[0],['NoFailure'],['NoFailure'],0
75,KMR,430252,200,Burried,14,Return,1973,Line,InOperation,[0],['NoFailure'],['NoFailure'],0
76,KMR,340140,50,Burried,61,Return,2002,House,InOperation,[0],['NoFailure'],['NoFailure'],0
77,KMR,102574,50,Burried,3,Supply,2009,House,InOperation,[0],['NoFailure'],['NoFailure'],0
78,KMR,293039,65,Burried,21,Return,2008,Line,InOperation,[0],['NoFailure'],['NoFailure'],0
79,KMR,530608,40,Burried,10,Supply,2014,House,InOperation,[0],['NoFailure'],['NoFailure'],0
80,KMR,807086,65,Burried,5,Return,2005,House,InOperation,[0],['NoFailure'],['NoFailure'],0
81,KMR,751794,50,Burried,7,Return,2008,House,InOperation,[0],['NoFailure'],['NoFailure'],0
82,KMR,884915,150,Burried,9,Return,1979,House,InOperation,[0],['NoFailure'],['NoFailure'],0
83,KMR,153778,80,Burried,81,Return,2021,House,InOperation,[0],['NoFailure'],['NoFailure'],0
84,KMR,170163,80,Burried,72,Supply,1991,House,InOperation,[0],['NoFailure'],['NoFailure'],0
85,KMR,264376,65,Burried,45,Supply,1980,Line,Decommissioned,[0],['NoFailure'],['NoFailure'],2023
86,KMR,153789,40,Burried,22,Return,1990,House,InOperation,[0],['NoFailure'],['NoFailure'],0
87,KMR,229567,40,Burried,14,Supply,2015,Line,InOperation,[0],['NoFailure'],['NoFailure'],0
88,KMR,346307,100,Burried,35,Supply,1997,House,InOperation,[0],['NoFailure'],['NoFailure'],0
89,KMR,211142,65,Burried,13,Supply,1991,Line,InOperation,[0],['NoFailure'],['NoFailure'],0
90,KMR,522438,50,Burried,10,Supply,1988,House,InOperation,[0],['NoFailure'],['NoFailure'],0
91,KMR,534728,50,Burried,64,Supply,1995,Line,InOperation,[0],['NoFailure'],['NoFailure'],0
92,KMR,411849,100,Burried,11,Return,1989,Line,InOperation,[0],['NoFailure'],['NoFailure'],0
93,KMR,395464,80,Burried,8,Supply,1985,Line,InOperation,[0],['NoFailure'],['NoFailure'],0
94,KMR,958667,40,Burried,8,Return,1993,House,InOperation,[0],['NoFailure'],['NoFailure'],0
95,KMR,846029,300,Burried,9,Return,1980,House,InOperation,[0],['NoFailure'],['NoFailure'],0
96,KMR,161998,250,Burried,23,Return,1978,Line,InOperation,[0],['NoFailure'],['NoFailure'],0
97,KMR,592079,100,Burried,45,Return,2007,House,InOperation,[0],['NoFailure'],['NoFailure'],0
98,KMR,463057,150,Burried,3,Supply,2015,Line,InOperation,[0],['NoFailure'],['NoFailure'],0
99,KMR,129234,40,Burried,16,Supply,1989,Line,InOperation,[0],['NoFailure'],['NoFailure'],0
100,KMR,884947,40,Burried,6,Supply,1990,Line,InOperation,[0],['NoFailure'],['NoFailure'],0
101,KMR,219348,100,Burried,13,Supply,2007,House,InOperation,[0],['NoFailure'],['NoFailure'],0
102,KMR,884952,50,Burried,8,Return,2008,Line,InOperation,[0],['NoFailure'],['NoFailure'],0
103,KMR,776415,25,Burried,24,Supply,2008,Line,InOperation,[0],['NoFailure'],['NoFailure'],0
104,KMR,813280,50,Burried,42,Return,2007,Line,InOperation,[0],['NoFailure'],['NoFailure'],0
105,KMR,413920,80,Burried,7,Return,1972,Line,InOperation,[0],['NoFailure'],['NoFailure'],0
106,KMR,624866,100,Burried,23,Supply,1996,Line,Decommissioned,[0],['NoFailure'],['NoFailure'],1997
107,KMR,436452,50,Burried,7,Supply,1973,House,InOperation,[0],['NoFailure'],['NoFailure'],0
108,KMR,336101,100,Burried,8,Return,2012,House,InOperation,[0],['NoFailure'],['NoFailure'],0
109,KMR,530666,100,Burried,18,Return,2002,House,InOperation,[0],['NoFailure'],['NoFailure'],0
110,KMR,432366,150,Burried,15,Supply,1978,House,InOperation,[0],['NoFailure'],['NoFailure'],0
111,KMR,530670,80,Burried,1,Supply,2001,House,InOperation,[0],['NoFailure'],['NoFailure'],0
112,KMR,651502,150,Burried,23,Supply,2018,House,InOperation,[0],['NoFailure'],['NoFailure'],0
113,KMR,528624,25,Burried,48,Return,1979,House,InOperation,[0],['NoFailure'],['NoFailure'],0
114,KMR,897266,40,Burried,13,Return,1972,Line,InOperation,[0],['NoFailure'],['NoFailure'],0
115,KMR,983283,150,Burried,14,Return,2007,House,InOperation,[0],['NoFailure'],['NoFailure'],0
116,KMR,915700,40,Burried,23,Return,2009,House,InOperation,[0],['NoFailure'],['NoFailure'],0
117,KMR,358643,150,Burried,3,Supply,2003,House,InOperation,[0],['NoFailure'],['NoFailure'],0
118,KMR,782584,250,Burried,15,Supply,2019,House,InOperation,[0],['NoFailure'],['NoFailure'],0
119,KMR,280826,200,Burried,13,Return,1997,House,InOperation,[0],['NoFailure'],['NoFailure'],0
120,KMR,678143,150,Burried,24,Return,1981,Line,InOperation,[0],['NoFailure'],['NoFailure'],0
121,KMR,692480,150,Burried,30,Supply,1975,Line,Decommissioned,[0],['NoFailure'],['NoFailure'],2023
122,KMR,303363,150,Burried,20,Supply,2000,Line,InOperation,[0],['NoFailure'],['NoFailure'],0
123,KMR,334089,50,Burried,13,Supply,1981,Line,InOperation,[0],['NoFailure'],['NoFailure'],0
124,KMR,559376,65,Burried,20,Return,1972,House,InOperation,[0],['NoFailure'],['NoFailure'],0
125,KMR,983312,250,Burried,12,Return,1987,House,InOperation,[0],['NoFailure'],['NoFailure'],0
126,KMR,520468,125,Burried,1,Return,2009,House,InOperation,[0],['NoFailure'],['NoFailure'],0
127,KMR,145686,200,Burried,10,Return,2005,House,InOperation,[0],['NoFailure'],['NoFailure'],0
128,KMR,565534,100,Burried,3,Return,1978,Line,InOperation,[0],['NoFailure'],['NoFailure'],0
129,KMR,377118,40,Burried,12,Return,1984,House,InOperation,[0],['NoFailure'],['NoFailure'],0
130,KMR,852257,65,Burried,29,Return,1995,House,InOperation,[0],['NoFailure'],['NoFailure'],0
131,KMR,438562,50,Burried,3,Supply,2004,House,InOperation,[0],['NoFailure'],['NoFailure'],0
132,KMR,985380,50,Burried,16,Supply,2007,House,Decommissioned,[0],['NoFailure'],['NoFailure'],2008
133,KMR,354596,65,Burried,53,Supply,1979,Line,InOperation,[0],['NoFailure'],['NoFailure'],0
134,KMR,200999,25,Burried,9,Supply,1995,House,Decommissioned,[0],['NoFailure'],['NoFailure'],1996
135,KMR,731436,65,Burried,27,Supply,1987,Line,InOperation,[0],['NoFailure'],['NoFailure'],0
136,KMR,299310,100,Burried,40,Supply,1987,Line,InOperation,[0],['NoFailure'],['NoFailure'],0
137,KMR,504111,40,Burried,6,Return,2020,House,InOperation,[0],['NoFailure'],['NoFailure'],0
138,KMR,418097,32,Burried,19,Return,1979,Line,InOperation,[0],['NoFailure'],['NoFailure'],0
139,KMR,272689,50,Burried,121,Supply,2007,Line,InOperation,[0],['NoFailure'],['NoFailure'],0
140,KMR,241971,65,Burried,78,Supply,2017,Line,InOperation,[0],['NoFailure'],['NoFailure'],0
141,KMR,282932,100,Burried,7,Return,2018,Line,InOperation,[0],['NoFailure'],['NoFailure'],0
142,KMR,594229,50,Burried,55,Return,2005,House,Decommissioned,[2016],['Trivial'],['Installation'],2016
143,KMR,362806,100,Burried,42,Return,2004,Line,InOperation,[0],['NoFailure'],['NoFailure'],0
144,KMR,282931,150,Burried,9,Return,1984,House,InOperation,[0],['NoFailure'],['NoFailure'],0
145,KMR,528696,80,Burried,19,Supply,1974,House,InOperation,[0],['NoFailure'],['NoFailure'],0
146,KMR,649529,100,Burried,17,Supply,1990,Line,InOperation,[0],['NoFailure'],['NoFailure'],0
147,KMR,479546,40,Burried,68,Return,1972,House,InOperation,[0],['NoFailure'],['NoFailure'],0
148,KMR,194867,300,Burried,24,Supply,2005,House,InOperation,[0],['NoFailure'],['NoFailure'],0
149,KMR,241979,150,Burried,20,Supply,2001,House,InOperation,[0],['NoFailure'],['NoFailure'],0
150,KMR,801085,250,Burried,11,Return,1998,Line,InOperation,[0],['NoFailure'],['NoFailure'],0
151,KMR,119104,25,Burried,1,Return,2015,House,InOperation,[0],['NoFailure'],['NoFailure'],0
152,KMR,371009,65,Burried,20,Return,2004,Line,InOperation,[0],['NoFailure'],['NoFailure'],0
153,KMR,823626,40,Burried,9,Supply,1989,House,InOperation,[0],['NoFailure'],['NoFailure'],0
154,KMR,403787,25,Burried,17,Return,1999,House,InOperation,[0],['NoFailure'],['NoFailure'],0
155,KMR,983372,65,Burried,14,Supply,1989,Line,InOperation,[0],['NoFailure'],['NoFailure'],0
156,KMR,684363,25,Burried,2,Return,2016,Line,InOperation,[0],['NoFailure'],['NoFailure'],0
157,KMR,883029,150,Burried,24,Return,2017,House,InOperation,[0],['NoFailure'],['NoFailure'],0
158,KMR,348502,80,Burried,7,Return,2011,House,InOperation,[0],['NoFailure'],['NoFailure'],0
159,KMR,141655,32,Burried,9,Supply,2007,Line,InOperation,[0],['NoFailure'],['NoFailure'],0
160,KMR,790869,100,Burried,23,Return,1980,House,InOperation,[0],['NoFailure'],['NoFailure'],0
161,KMR,147797,40,Burried,28,Return,2016,House,InOperation,[0],['NoFailure'],['NoFailure'],0
162,KMR,506202,200,Burried,14,Supply,2009,Line,InOperation,[0],['NoFailure'],['NoFailure'],0
163,KMR,739675,65,Burried,34,Return,1985,Line,InOperation,[0],['NoFailure'],['NoFailure'],0
164,KMR,495964,25,Burried,13,Return,1973,Line,InOperation,[0],['NoFailure'],['NoFailure'],0
165,KMR,899421,300,Burried,16,Return,1987,Line,InOperation,[0],['NoFailure'],['NoFailure'],0
166,KMR,928093,50,Burried,3,Supply,1973,Line,InOperation,[0],['NoFailure'],['NoFailure'],0
167,KMR,104796,100,Burried,13,Supply,2014,House,InOperation,[0],['NoFailure'],['NoFailure'],0
168,KMR,559453,250,Burried,21,Return,2005,Line,InOperation,[0],['NoFailure'],['NoFailure'],0
169,KMR,266593,25,Burried,11,Return,1989,House,InOperation,[0],['NoFailure'],['NoFailure'],0
170,KMR,512352,65,Burried,20,Return,2010,House,InOperation,[0],['NoFailure'],['NoFailure'],0
171,KMR,893281,200,Burried,17,Return,1974,Line,InOperation,[0],['NoFailure'],['NoFailure'],0
172,KMR,588123,100,Burried,2,Supply,1975,Line,Decommissioned,[0],['NoFailure'],['NoFailure'],1976
173,KMR,997733,150,Burried,1,Supply,1976,House,Decommissioned,[0],['NoFailure'],['NoFailure'],2023
174,KMR,143718,300,Burried,12,Supply,2006,Line,InOperation,[0],['NoFailure'],['NoFailure'],0
175,KMR,225645,125,Burried,46,Return,1998,Line,InOperation,[0],['NoFailure'],['NoFailure'],0
176,KMR,751981,65,Burried,6,Supply,1986,House,InOperation,[2000],['Substantial'],['Corrosion'],2023
177,KMR,223598,200,Burried,4,Supply,2012,Line,InOperation,[0],['NoFailure'],['NoFailure'],0
178,KMR,557431,50,Burried,21,Return,1996,House,InOperation,[0],['NoFailure'],['NoFailure'],0
179,KMR,321912,40,Burried,8,Return,2001,Line,InOperation,[0],['NoFailure'],['NoFailure'],0
180,KMR,975226,150,Burried,22,Return,2011,House,InOperation,[0],['NoFailure'],['NoFailure'],0
181,KMR,682362,40,Burried,22,Supply,1988,Line,InOperation,[0],['NoFailure'],['NoFailure'],0
182,KMR,317824,200,Burried,22,Return,2013,House,InOperation,[0],['NoFailure'],['NoFailure'],0
183,KMR,432512,40,Burried,10,Return,2007,House,InOperation,[0],['NoFailure'],['NoFailure'],0
184,KMR,549248,50,Burried,46,Supply,2005,House,InOperation,[0],['NoFailure'],['NoFailure'],0
185,KMR,457091,50,Burried,1,Supply,1990,Line,InOperation,[0],['NoFailure'],['NoFailure'],0
186,KMR,129412,25,Burried,32,Return,2002,House,InOperation,[0],['NoFailure'],['NoFailure'],0
187,KMR,248196,50,Burried,11,Return,2001,Line,InOperation,[0],['NoFailure'],['NoFailure'],0
188,KMR,969090,150,Burried,12,Return,2007,House,InOperation,[0],['NoFailure'],['NoFailure'],0
189,KMR,543112,200,Burried,176,Supply,1980,House,InOperation,[0],['NoFailure'],['NoFailure'],0
190,KMR,510345,250,Burried,23,Supply,2009,Line,InOperation,[2013],['Trivial'],['Leakage'],2023
191,KMR,921994,100,Burried,19,Return,2000,Line,InOperation,[0],['NoFailure'],['NoFailure'],0
192,KMR,364940,65,Burried,15,Supply,2019,House,InOperation,[0],['NoFailure'],['NoFailure'],0
193,KMR,133518,80,Burried,1,Supply,2017,Line,InOperation,[0],['NoFailure'],['NoFailure'],0
194,KMR,895376,80,Burried,10,Return,2003,Line,InOperation,[0],['NoFailure'],['NoFailure'],0
195,KMR,659857,100,Burried,17,Return,2020,House,InOperation,[0],['NoFailure'],['NoFailure'],0
196,KMR,213402,250,Burried,6,Supply,1973,House,InOperation,[0],['NoFailure'],['NoFailure'],0
197,KMR,848284,125,Burried,10,Supply,1976,House,InOperation,[0],['NoFailure'],['NoFailure'],0
198,KMR,229789,25,Burried,43,Return,2007,Line,Decommissioned,[0],['NoFailure'],['NoFailure'],2023
199,KMR,997789,40,Burried,8,Supply,2007,House,InOperation,[0],['NoFailure'],['NoFailure'],0
200,KMR,645535,65,Burried,74,Supply,2013,Line,InOperation,[0],['NoFailure'],['NoFailure'],0
201,KMR,754081,150,Burried,39,Return,2000,Line,InOperation,[0],['NoFailure'],['NoFailure'],0
202,KMR,616866,80,Burried,7,Supply,2003,House,InOperation,[0],['NoFailure'],['NoFailure'],0
203,KMR,887201,65,Burried,36,Supply,2003,Line,InOperation,[0],['NoFailure'],['NoFailure'],0
204,KMR,182692,300,Burried,18,Return,2018,House,InOperation,[0],['NoFailure'],['NoFailure'],0
205,KMR,444838,25,Burried,1,Supply,1977,House,InOperation,[0],['NoFailure'],['NoFailure'],0
206,KMR,840102,40,Burried,9,Supply,1981,House,InOperation,[1996],['Trivial'],['Corrosion'],1982
207,KMR,446888,65,Burried,29,Return,1993,Line,InOperation,[0],['NoFailure'],['NoFailure'],0
208,KMR,944558,100,Burried,14,Return,2008,Line,InOperation,[0],['NoFailure'],['NoFailure'],0
209,KMR,369073,150,Burried,10,Return,1996,Line,Decommissioned,[0],['NoFailure'],['NoFailure'],1997
210,KMR,725425,65,Burried,12,Return,2016,Line,InOperation,[0],['NoFailure'],['NoFailure'],0
211,KMR,532916,50,Burried,15,Supply,2009,House,InOperation,[0],['NoFailure'],['NoFailure'],0
212,KMR,629177,40,Burried,37,Return,1993,House,InOperation,[0],['NoFailure'],['NoFailure'],0
213,KMR,221628,50,Burried,134,Supply,2012,Line,InOperation,[0],['NoFailure'],['NoFailure'],0
214,KMR,451005,250,Burried,7,Supply,1987,House,InOperation,[0],['NoFailure'],['NoFailure'],0
215,KMR,719294,50,Burried,2,Supply,2021,House,InOperation,[0],['NoFailure'],['NoFailure'],0
216,KMR,321983,25,Burried,18,Return,1979,House,InOperation,[0],['NoFailure'],['NoFailure'],0
217,KMR,790976,50,Burried,2,Supply,2021,Line,InOperation,[0],['NoFailure'],['NoFailure'],0
218,KMR,784831,100,Burried,10,Supply,1976,House,InOperation,[0],['NoFailure'],['NoFailure'],0
219,KMR,141757,65,Burried,6,Return,2020,Line,InOperation,[0],['NoFailure'],['NoFailure'],0
220,KMR,856516,50,Burried,58,Return,2001,House,InOperation,[0],['NoFailure'],['NoFailure'],0
221,KMR,119237,40,Burried,5,Return,1985,Line,InOperation,[0],['NoFailure'],['NoFailure'],0
222,KMR,737734,200,Burried,2,Return,1999,House,InOperation,[0],['NoFailure'],['NoFailure'],0
223,KMR,477637,100,Burried,17,Supply,2018,Line,InOperation,[0],['NoFailure'],['NoFailure'],0
224,KMR,436680,150,Burried,11,Supply,1980,House,InOperation,[0],['NoFailure'],['NoFailure'],0
225,KMR,395721,32,Burried,13,Return,2014,House,InOperation,[0],['NoFailure'],['NoFailure'],0
226,KMR,233933,40,Burried,24,Supply,1989,Line,InOperation,[0],['NoFailure'],['NoFailure'],0
227,KMR,698830,250,Burried,11,Supply,2008,Line,InOperation,[0],['NoFailure'],['NoFailure'],0
228,KMR,178641,65,Burried,22,Return,1979,Line,InOperation,[0],['NoFailure'],['NoFailure'],0
229,KMR,102866,32,Burried,6,Return,2000,House,InOperation,[0],['NoFailure'],['NoFailure'],0
230,KMR,139730,65,Burried,22,Supply,1974,Line,InOperation,[0],['NoFailure'],['NoFailure'],0
231,KMR,414161,300,Burried,18,Return,1993,Line,InOperation,[0],['NoFailure'],['NoFailure'],0
232,KMR,184790,50,Burried,17,Return,2014,House,InOperation,[0],['NoFailure'],['NoFailure'],0
233,KMR,666071,65,Burried,20,Return,2007,Line,InOperation,[2016],['Substantial'],['Fatigue'],2008
234,KMR,960985,100,Burried,22,Supply,1980,House,InOperation,[0],['NoFailure'],['NoFailure'],0
235,KMR,369114,250,Burried,11,Return,2003,Line,InOperation,[0],['NoFailure'],['NoFailure'],0
236,KMR,946652,50,Burried,9,Supply,1990,Line,InOperation,[0],['NoFailure'],['NoFailure'],0
237,KMR,688611,40,Burried,66,Return,2007,Line,InOperation,[0],['NoFailure'],['NoFailure'],0
238,KMR,623077,250,Burried,19,Return,1997,Line,InOperation,[0],['NoFailure'],['NoFailure'],0
239,KMR,936429,65,Burried,5,Return,1976,Line,InOperation,[0],['NoFailure'],['NoFailure'],0
240,KMR,467438,250,Burried,20,Supply,2019,House,InOperation,[0],['NoFailure'],['NoFailure'],0
241,KMR,791022,80,Burried,19,Supply,2002,Line,InOperation,[0],['NoFailure'],['NoFailure'],0
242,KMR,584176,32,Burried,3,Return,1995,House,InOperation,[0],['NoFailure'],['NoFailure'],0
243,KMR,535025,80,Burried,23,Supply,1993,House,InOperation,[0],['NoFailure'],['NoFailure'],0
244,KMR,690674,80,Burried,12,Return,2020,House,InOperation,[0],['NoFailure'],['NoFailure'],0
245,KMR,725494,50,Burried,16,Supply,2016,House,InOperation,[0],['NoFailure'],['NoFailure'],0
246,KMR,188922,25,Burried,6,Supply,2003,House,InOperation,[0],['NoFailure'],['NoFailure'],0
247,KMR,995836,65,Burried,12,Return,2000,House,Decommissioned,[0],['NoFailure'],['NoFailure'],2023
248,KMR,365053,40,Burried,6,Supply,2000,House,InOperation,[0],['NoFailure'],['NoFailure'],0
249,KMR,791039,250,Burried,3,Supply,2010,Line,InOperation,[0],['NoFailure'],['NoFailure'],0
250,KMR,360963,250,Burried,4,Supply,2005,House,InOperation,[0],['NoFailure'],['NoFailure'],0
251,KMR,926212,50,Burried,32,Supply,1993,Line,InOperation,[0],['NoFailure'],['NoFailure'],0
252,KMR,481798,200,Burried,19,Return,2013,House,InOperation,[0],['NoFailure'],['NoFailure'],0
253,KMR,328199,65,Burried,20,Return,2005,Line,InOperation,[0],['NoFailure'],['NoFailure'],0
254,KMR,754185,32,Burried,8,Return,2007,Line,InOperation,[0],['NoFailure'],['NoFailure'],0
255,KMR,416268,65,Burried,47,Return,2021,Line,InOperation,[0],['NoFailure'],['NoFailure'],0
256,KMR,371215,50,Burried,36,Return,2006,House,InOperation,[0],['NoFailure'],['NoFailure'],0
257,KMR,668177,80,Burried,42,Return,1985,Line,InOperation,[0],['NoFailure'],['NoFailure'],0
258,KMR,576018,40,Burried,16,Supply,2016,Line,InOperation,[0],['NoFailure'],['NoFailure'],0
259,KMR,309779,65,Burried,3,Return,2000,Line,InOperation,[0],['NoFailure'],['NoFailure'],0
260,KMR,666131,65,Burried,15,Supply,2005,Line,InOperation,[0],['NoFailure'],['NoFailure'],0
261,KMR,336405,80,Burried,22,Supply,1980,House,InOperation,[0],['NoFailure'],['NoFailure'],0
262,KMR,596500,100,Burried,19,Supply,1993,Line,InOperation,[0],['NoFailure'],['NoFailure'],0
263,KMR,178711,65,Burried,7,Return,1979,House,InOperation,[0],['NoFailure'],['NoFailure'],0
264,KMR,100888,40,Burried,9,Return,2008,Line,InOperation,[0],['NoFailure'],['NoFailure'],0
265,KMR,418332,25,Burried,10,Return,2021,Line,InOperation,[0],['NoFailure'],['NoFailure'],0
266,KMR,709148,50,Burried,21,Supply,1999,House,InOperation,[0],['NoFailure'],['NoFailure'],0
267,KMR,684574,125,Burried,66,Supply,2020,House,InOperation,[0],['NoFailure'],['NoFailure'],0
268,KMR,371231,65,Burried,7,Supply,2008,House,InOperation,[0],['NoFailure'],['NoFailure'],0
269,KMR,530974,65,Burried,14,Supply,1985,Line,InOperation,[0],['NoFailure'],['NoFailure'],0
270,KMR,496161,100,Burried,13,Return,2020,Line,InOperation,[0],['NoFailure'],['NoFailure'],0
271,KMR,125474,40,Burried,41,Supply,2010,House,InOperation,[0],['NoFailure'],['NoFailure'],0
272,KMR,565792,40,Burried,7,Return,2002,House,InOperation,[0],['NoFailure'],['NoFailure'],0
273,KMR,264743,150,Burried,26,Supply,2018,Line,InOperation,[0],['NoFailure'],['NoFailure'],0
274,KMR,703022,50,Burried,12,Return,2004,Line,Decommissioned,[2006],['Substantial'],['Corrosion'],2006
275,KMR,344623,40,Burried,90,Return,1987,House,InOperation,[0],['NoFailure'],['NoFailure'],0
276,KMR,125487,300,Burried,122,Return,2013,House,InOperation,[0],['NoFailure'],['NoFailure'],0
277,KMR,653874,150,Burried,15,Supply,1972,Line,InOperation,[0],['NoFailure'],['NoFailure'],0
278,KMR,864819,100,Burried,15,Supply,1996,House,Decommissioned,[0],['NoFailure'],['NoFailure'],2023
279,KMR,866869,200,Burried,17,Supply,2003,Line,InOperation,[0],['NoFailure'],['NoFailure'],0
280,KMR,870968,80,Burried,17,Return,2007,Line,InOperation,[0],['NoFailure'],['NoFailure'],0
281,KMR,121401,40,Burried,7,Return,1975,Line,InOperation,[0],['NoFailure'],['NoFailure'],0
282,KMR,531002,40,Burried,19,Supply,2013,House,InOperation,[0],['NoFailure'],['NoFailure'],0
283,KMR,143932,100,Burried,3,Supply,2012,House,Decommissioned,[0],['NoFailure'],['NoFailure'],2023
284,KMR,633405,80,Burried,14,Return,2000,House,InOperation,[0],['NoFailure'],['NoFailure'],0
285,KMR,455231,100,Burried,7,Return,1983,Line,InOperation,[0],['NoFailure'],['NoFailure'],0
286,KMR,905794,200,Burried,22,Supply,1981,House,InOperation,[0],['NoFailure'],['NoFailure'],0
287,KMR,408131,65,Burried,3,Return,2010,Line,InOperation,[0],['NoFailure'],['NoFailure'],0
288,KMR,819781,40,Burried,10,Return,2019,Line,InOperation,[0],['NoFailure'],['NoFailure'],0
289,KMR,180805,50,Burried,15,Supply,2016,House,InOperation,[2021],['Substantial'],['Fatigue'],2017
290,KMR,746056,100,Burried,47,Supply,1976,Line,InOperation,[0],['NoFailure'],['NoFailure'],0
291,KMR,430668,65,Burried,17,Return,2012,House,InOperation,[0],['NoFailure'],['NoFailure'],0
292,KMR,995919,80,Burried,18,Return,2019,Line,InOperation,[0],['NoFailure'],['NoFailure'],0
293,KMR,148061,80,Burried,9,Supply,1986,House,InOperation,[0],['NoFailure'],['NoFailure'],0
294,KMR,676447,65,Burried,107,Supply,2014,House,InOperation,[0],['NoFailure'],['NoFailure'],0
295,KMR,252511,80,Burried,26,Return,1977,Line,InOperation,[0],['NoFailure'],['NoFailure'],0
296,KMR,615009,80,Burried,4,Supply,2002,House,InOperation,[0],['NoFailure'],['NoFailure'],0
297,KMR,746087,40,Burried,17,Supply,2019,House,InOperation,[0],['NoFailure'],['NoFailure'],0
298,KMR,895591,200,Burried,4,Supply,1982,House,InOperation,[0],['NoFailure'],['NoFailure'],0
299,KMR,178792,250,Burried,6,Return,2000,House,InOperation,[0],['NoFailure'],['NoFailure'],0
300,KMR,309864,50,Burried,17,Supply,1997,Line,InOperation,[0],['NoFailure'],['NoFailure'],0
301,KMR,236139,80,Burried,47,Supply,2003,House,InOperation,[0],['NoFailure'],['NoFailure'],0
302,KMR,340588,65,Burried,16,Supply,2013,Line,Decommissioned,[0],['NoFailure'],['NoFailure'],2014
303,KMR,903790,300,Burried,9,Supply,1986,Line,InOperation,[0],['NoFailure'],['NoFailure'],0
304,KMR,500334,150,Burried,18,Return,2007,House,InOperation,[0],['NoFailure'],['NoFailure'],0
305,KMR,883312,250,Burried,20,Supply,1975,House,InOperation,[1999],['Trivial'],['Installation'],1976
306,KMR,440944,80,Burried,73,Supply,2020,Line,InOperation,[2020],['Substantial'],['Isolation'],2021
307,KMR,215666,80,Burried,61,Return,1997,House,InOperation,[0],['NoFailure'],['NoFailure'],0
308,KMR,803443,40,Burried,37,Return,1979,House,InOperation,[0],['NoFailure'],['NoFailure'],0
309,KMR,772722,50,Burried,8,Supply,1991,Line,InOperation,[0],['NoFailure'],['NoFailure'],0
310,KMR,356989,200,Burried,7,Return,2012,Line,InOperation,[0],['NoFailure'],['NoFailure'],0
311,KMR,866941,40,Burried,38,Return,2011,House,InOperation,[0],['NoFailure'],['NoFailure'],0
312,KMR,811652,100,Burried,17,Supply,1990,Line,InOperation,[0],['NoFailure'],['NoFailure'],0
313,KMR,291470,50,Burried,159,Return,1997,House,Decommissioned,[0],['NoFailure'],['NoFailure'],1998
314,KMR,838287,25,Burried,9,Return,1980,Line,InOperation,[0],['NoFailure'],['NoFailure'],0
315,KMR,633487,150,Burried,15,Return,2018,Line,InOperation,[0],['NoFailure'],['NoFailure'],0
316,KMR,318097,125,Burried,22,Supply,1988,House,InOperation,[0],['NoFailure'],['NoFailure'],0
317,KMR,926358,50,Burried,45,Return,2001,House,InOperation,[0],['NoFailure'],['NoFailure'],0
318,KMR,264859,40,Burried,1,Return,1998,House,InOperation,[0],['NoFailure'],['NoFailure'],0
319,KMR,750237,100,Burried,13,Supply,2011,House,Decommissioned,[0],['NoFailure'],['NoFailure'],2012
320,KMR,676511,25,Burried,13,Return,2019,Line,InOperation,[0],['NoFailure'],['NoFailure'],0
321,KMR,316064,150,Burried,11,Supply,2007,House,InOperation,[0],['NoFailure'],['NoFailure'],0
322,KMR,168608,65,Burried,201,Supply,1985,Line,InOperation,[0],['NoFailure'],['NoFailure'],0
323,KMR,465574,65,Burried,32,Return,1992,Line,InOperation,[0],['NoFailure'],['NoFailure'],0
324,KMR,803498,65,Burried,34,Return,1980,Line,Decommissioned,[0],['NoFailure'],['NoFailure'],2023
325,KMR,223915,65,Burried,8,Supply,1978,House,InOperation,[0],['NoFailure'],['NoFailure'],0
326,KMR,694960,80,Burried,10,Supply,2002,House,InOperation,[0],['NoFailure'],['NoFailure'],0
327,KMR,268978,32,Burried,17,Return,2018,Line,InOperation,[0],['NoFailure'],['NoFailure'],0
328,KMR,373427,250,Burried,8,Return,1986,House,InOperation,[0],['NoFailure'],['NoFailure'],0
329,KMR,662194,200,Burried,17,Return,1984,Line,InOperation,[0],['NoFailure'],['NoFailure'],0
330,KMR,328374,200,Burried,3,Return,1975,House,InOperation,[0],['NoFailure'],['NoFailure'],0
331,KMR,629432,65,Burried,44,Return,2011,Line,InOperation,[2021],['Substantial'],['Leakage'],2023
332,KMR,105146,80,Burried,13,Return,2013,House,InOperation,[0],['NoFailure'],['NoFailure'],0
333,KMR,717499,25,Burried,18,Supply,2021,Line,InOperation,[0],['NoFailure'],['NoFailure'],0
334,KMR,670401,125,Burried,2,Supply,2000,Line,InOperation,[0],['NoFailure'],['NoFailure'],0
335,KMR,701123,200,Burried,7,Return,1988,House,InOperation,[0],['NoFailure'],['NoFailure'],0
336,KMR,664259,250,Burried,19,Return,2002,Line,Decommissioned,[0],['NoFailure'],['NoFailure'],2003
337,KMR,191172,65,Burried,13,Supply,1978,Line,InOperation,[0],['NoFailure'],['NoFailure'],0
338,KMR,635587,100,Burried,4,Return,2004,Line,Decommissioned,[0],['NoFailure'],['NoFailure'],2023
339,KMR,430791,150,Burried,15,Supply,1973,Line,InOperation,[0],['NoFailure'],['NoFailure'],0
340,KMR,418499,50,Burried,21,Supply,2000,House,InOperation,[0],['NoFailure'],['NoFailure'],0
341,KMR,910027,32,Burried,45,Supply,1994,Line,InOperation,[0],['NoFailure'],['NoFailure'],0
342,KMR,529108,50,Burried,16,Return,1988,House,InOperation,[0],['NoFailure'],['NoFailure'],0
343,KMR,832217,80,Burried,49,Return,2019,Line,InOperation,[0],['NoFailure'],['NoFailure'],0
344,KMR,871131,65,Burried,10,Return,1979,House,InOperation,[0],['NoFailure'],['NoFailure'],0
345,KMR,754396,80,Burried,21,Return,1998,House,InOperation,[0],['NoFailure'],['NoFailure'],0
346,KMR,752351,100,Burried,20,Return,2021,Line,InOperation,[0],['NoFailure'],['NoFailure'],0
347,KMR,547552,200,Burried,11,Supply,2011,House,InOperation,[0],['NoFailure'],['NoFailure'],0
348,KMR,738016,80,Burried,11,Return,2013,Line,InOperation,[0],['NoFailure'],['NoFailure'],0
349,KMR,836326,50,Burried,2,Supply,1996,Line,InOperation,[0],['NoFailure'],['NoFailure'],0
350,KMR,475880,50,Burried,128,Return,2020,Line,Decommissioned,[0],['NoFailure'],['NoFailure'],2021
351,KMR,678632,150,Burried,1,Return,2017,Line,InOperation,[0],['NoFailure'],['NoFailure'],0
352,KMR,197353,32,Burried,2,Supply,2007,Line,InOperation,[0],['NoFailure'],['NoFailure'],0
353,KMR,920299,40,Burried,13,Return,2002,Line,InOperation,[0],['NoFailure'],['NoFailure'],0
354,KMR,439020,65,Burried,16,Supply,2009,Line,Decommissioned,[0],['NoFailure'],['NoFailure'],2010
355,KMR,604910,50,Burried,7,Return,2017,Line,InOperation,[0],['NoFailure'],['NoFailure'],0
356,KMR,410351,32,Burried,17,Return,1980,House,InOperation,[0],['NoFailure'],['NoFailure'],0
357,KMR,277230,65,Burried,17,Return,1991,Line,InOperation,[0],['NoFailure'],['NoFailure'],0
358,KMR,183025,65,Burried,8,Supply,2020,House,InOperation,[0],['NoFailure'],['NoFailure'],0
359,KMR,494322,150,Burried,16,Return,2011,House,InOperation,[0],['NoFailure'],['NoFailure'],0
360,KMR,246513,50,Burried,4,Return,2007,House,InOperation,[0],['NoFailure'],['NoFailure'],0
361,KMR,631537,50,Burried,15,Return,1985,Line,InOperation,[0],['NoFailure'],['NoFailure'],0
362,KMR,453366,100,Burried,10,Return,2004,House,InOperation,[0],['NoFailure'],['NoFailure'],0
363,KMR,822006,40,Burried,17,Supply,1999,House,InOperation,[0],['NoFailure'],['NoFailure'],0
364,KMR,858872,80,Burried,42,Supply,1980,House,InOperation,[0],['NoFailure'],['NoFailure'],0
365,KMR,572153,32,Burried,21,Return,1983,House,InOperation,[0],['NoFailure'],['NoFailure'],0
366,KMR,504569,65,Burried,11,Supply,1974,Line,InOperation,[0],['NoFailure'],['NoFailure'],0
367,KMR,484091,65,Burried,15,Supply,2007,House,InOperation,[0],['NoFailure'],['NoFailure'],0
368,KMR,213760,200,Burried,37,Supply,2008,House,InOperation,[0],['NoFailure'],['NoFailure'],0
369,KMR,506627,50,Burried,18,Supply,1978,Line,InOperation,[0],['NoFailure'],['NoFailure'],0
370,KMR,541443,50,Burried,18,Return,2006,Line,InOperation,[0],['NoFailure'],['NoFailure'],0
371,KMR,822022,40,Burried,2,Supply,2015,Line,InOperation,[0],['NoFailure'],['NoFailure'],0
372,KMR,279307,65,Burried,7,Supply,2006,House,InOperation,[0],['NoFailure'],['NoFailure'],0
373,KMR,398092,40,Burried,34,Return,1975,Line,InOperation,[0],['NoFailure'],['NoFailure'],0
374,KMR,310030,200,Burried,4,Return,2011,House,InOperation,[0],['NoFailure'],['NoFailure'],0
375,KMR,957203,50,Burried,22,Supply,2012,Line,InOperation,[0],['NoFailure'],['NoFailure'],0
376,KMR,475923,40,Burried,2,Supply,2013,House,Decommissioned,[0],['NoFailure'],['NoFailure'],2014
377,KMR,813845,50,Burried,40,Supply,1996,Line,InOperation,[0],['NoFailure'],['NoFailure'],0
378,KMR,549654,65,Burried,7,Supply,2010,House,InOperation,[0],['NoFailure'],['NoFailure'],0
379,KMR,510743,250,Burried,31,Return,1976,Line,InOperation,[0],['NoFailure'],['NoFailure'],0
380,KMR,232214,40,Burried,4,Supply,1999,Line,InOperation,[0],['NoFailure'],['NoFailure'],0
381,KMR,209689,50,Burried,21,Supply,2017,House,InOperation,[0],['NoFailure'],['NoFailure'],0
382,KMR,758554,150,Burried,32,Return,1993,Line,InOperation,[0],['NoFailure'],['NoFailure'],0
383,KMR,129820,250,Burried,2,Return,2006,Line,InOperation,[0],['NoFailure'],['NoFailure'],0
384,KMR,897822,125,Burried,3,Supply,1978,House,InOperation,[0],['NoFailure'],['NoFailure'],0
385,KMR,883486,50,Burried,18,Supply,2014,Line,InOperation,[0],['NoFailure'],['NoFailure'],0
386,KMR,422688,40,Burried,7,Supply,1996,House,InOperation,[0],['NoFailure'],['NoFailure'],0
387,KMR,965409,40,Burried,2,Supply,1980,Line,InOperation,[0],['NoFailure'],['NoFailure'],0
388,KMR,744229,150,Burried,19,Return,1993,Line,InOperation,[0],['NoFailure'],['NoFailure'],0
389,KMR,463654,40,Burried,17,Return,2018,Line,InOperation,[2020],['Trivial'],['Isolation'],2019
390,KMR,221992,150,Burried,16,Supply,1997,Line,Decommissioned,[0],['NoFailure'],['NoFailure'],2023
391,KMR,725801,65,Burried,21,Supply,2004,House,InOperation,[0],['NoFailure'],['NoFailure'],0
392,KMR,746280,250,Burried,24,Return,1972,House,InOperation,[0],['NoFailure'],['NoFailure'],0
393,KMR,803626,32,Burried,16,Supply,2010,Line,InOperation,[0],['NoFailure'],['NoFailure'],0
394,KMR,789292,80,Burried,23,Return,1999,Line,InOperation,[0],['NoFailure'],['NoFailure'],0
395,KMR,504621,250,Burried,16,Supply,1992,House,InOperation,[0],['NoFailure'],['NoFailure'],0
396,KMR,457519,150,Burried,13,Return,2021,House,InOperation,[0],['NoFailure'],['NoFailure'],0
397,KMR,138032,150,Burried,56,Supply,2009,Line,InOperation,[0],['NoFailure'],['NoFailure'],0
398,KMR,693041,25,Burried,3,Return,2014,House,InOperation,[0],['NoFailure'],['NoFailure'],0
399,KMR,955187,65,Burried,17,Supply,1984,Line,InOperation,[0],['NoFailure'],['NoFailure'],0
400,KMR,791347,25,Burried,14,Supply,1988,Line,InOperation,[0],['NoFailure'],['NoFailure'],0
401,KMR,877366,50,Burried,7,Return,1989,Line,InOperation,[0],['NoFailure'],['NoFailure'],0
402,KMR,201534,80,Burried,12,Supply,2010,Line,InOperation,[0],['NoFailure'],['NoFailure'],0
403,KMR,318270,80,Burried,1,Return,1996,Line,InOperation,[0],['NoFailure'],['NoFailure'],0
404,KMR,248649,200,Burried,10,Supply,2009,Line,InOperation,[0],['NoFailure'],['NoFailure'],0
405,KMR,781133,150,Burried,15,Supply,2009,Line,InOperation,[0],['NoFailure'],['NoFailure'],0
406,KMR,994128,80,Burried,8,Supply,1988,Line,InOperation,[0],['NoFailure'],['NoFailure'],0
407,KMR,959313,50,Burried,2,Return,2007,Line,InOperation,[0],['NoFailure'],['NoFailure'],0
408,KMR,953171,80,Burried,41,Return,1979,Line,InOperation,[0],['NoFailure'],['NoFailure'],0
409,KMR,398169,32,Burried,19,Return,2002,Line,InOperation,[0],['NoFailure'],['NoFailure'],0
410,KMR,152410,300,Burried,9,Supply,2016,Line,Decommissioned,[0],['NoFailure'],['NoFailure'],2023
411,KMR,293723,100,Burried,7,Return,1975,Line,InOperation,[0],['NoFailure'],['NoFailure'],0
412,KMR,205658,200,Burried,17,Return,2005,House,InOperation,[0],['NoFailure'],['NoFailure'],0
413,KMR,533342,200,Burried,14,Return,1975,Line,InOperation,[0],['NoFailure'],['NoFailure'],0
414,KMR,949086,50,Burried,17,Return,1980,Line,InOperation,[2010],['Substantial'],['Isolation'],2023
415,KMR,693088,40,Burried,10,Return,2005,Line,Decommissioned,[0],['NoFailure'],['NoFailure'],2006
416,KMR,473953,40,Burried,5,Return,2010,House,InOperation,[0],['NoFailure'],['NoFailure'],0
417,KMR,865122,50,Burried,15,Supply,1988,Line,InOperation,[0],['NoFailure'],['NoFailure'],0
418,KMR,725856,50,Burried,24,Supply,1988,Line,InOperation,[0],['NoFailure'],['NoFailure'],0
419,KMR,906084,65,Burried,3,Return,1988,House,InOperation,[0],['NoFailure'],['NoFailure'],0
420,KMR,664421,150,Burried,5,Return,2000,House,InOperation,[0],['NoFailure'],['NoFailure'],0
421,KMR,303968,100,Burried,24,Return,1980,House,InOperation,[0],['NoFailure'],['NoFailure'],0
422,KMR,201577,200,Burried,14,Supply,2005,House,InOperation,[0],['NoFailure'],['NoFailure'],0
423,KMR,162665,25,Burried,81,Return,2012,Line,InOperation,[0],['NoFailure'],['NoFailure'],0
424,KMR,936811,80,Burried,14,Return,2009,House,Decommissioned,[0],['NoFailure'],['NoFailure'],2023
425,KMR,334700,40,Burried,98,Supply,1993,Line,InOperation,[0],['NoFailure'],['NoFailure'],0
426,KMR,848748,40,Burried,1,Return,1989,House,InOperation,[0],['NoFailure'],['NoFailure'],0
427,KMR,217964,100,Burried,13,Return,2006,House,InOperation,[0],['NoFailure'],['NoFailure'],0
428,KMR,314224,65,Burried,12,Return,1995,House,InOperation,[0],['NoFailure'],['NoFailure'],0
429,KMR,975729,65,Burried,38,Return,1980,Line,InOperation,[0],['NoFailure'],['NoFailure'],0
430,KMR,930674,40,Burried,59,Supply,2015,Line,InOperation,[0],['NoFailure'],['NoFailure'],0
431,KMR,183163,40,Burried,21,Supply,1992,House,InOperation,[0],['NoFailure'],['NoFailure'],0
432,KMR,588679,50,Burried,3,Return,2000,Line,InOperation,[0],['NoFailure'],['NoFailure'],0
433,KMR,576398,50,Burried,12,Supply,1974,House,InOperation,[0],['NoFailure'],['NoFailure'],0
434,KMR,164754,150,Burried,9,Supply,1994,House,Decommissioned,[0],['NoFailure'],['NoFailure'],2023
435,KMR,199571,65,Burried,76,Return,1987,House,InOperation,[0],['NoFailure'],['NoFailure'],0
436,KMR,115605,150,Burried,18,Return,1990,House,InOperation,[0],['NoFailure'],['NoFailure'],0
437,KMR,418714,80,Burried,23,Return,1973,House,InOperation,[0],['NoFailure'],['NoFailure'],0
438,KMR,400283,40,Burried,27,Supply,2011,Line,InOperation,[0],['NoFailure'],['NoFailure'],0
439,KMR,799644,50,Burried,34,Supply,1979,House,InOperation,[0],['NoFailure'],['NoFailure'],0
440,KMR,330656,40,Burried,17,Supply,1999,House,InOperation,[0],['NoFailure'],['NoFailure'],0
441,KMR,867233,40,Burried,15,Supply,1992,House,InOperation,[0],['NoFailure'],['NoFailure'],0
442,KMR,856995,50,Burried,71,Return,1989,House,InOperation,[0],['NoFailure'],['NoFailure'],0
443,KMR,142255,25,Burried,1,Return,1995,House,InOperation,[0],['NoFailure'],['NoFailure'],0
444,KMR,863156,50,Burried,11,Return,1973,House,InOperation,[0],['NoFailure'],['NoFailure'],0
445,KMR,334778,150,Burried,10,Return,1981,House,InOperation,[0],['NoFailure'],['NoFailure'],0
446,KMR,656315,300,Burried,19,Return,2001,House,Decommissioned,[0],['NoFailure'],['NoFailure'],2023
447,KMR,988095,40,Burried,10,Return,2004,House,InOperation,[0],['NoFailure'],['NoFailure'],0
448,KMR,392127,300,Burried,13,Supply,1994,House,InOperation,[0],['NoFailure'],['NoFailure'],0
449,KMR,304065,65,Burried,10,Return,1975,House,InOperation,[0],['NoFailure'],['NoFailure'],0
450,KMR,424897,200,Burried,14,Return,2015,House,InOperation,[0],['NoFailure'],['NoFailure'],0
451,KMR,240580,40,Burried,20,Supply,1996,House,InOperation,[0],['NoFailure'],['NoFailure'],0
452,KMR,590794,100,Burried,15,Supply,1979,Line,InOperation,[0],['NoFailure'],['NoFailure'],0
453,KMR,996300,50,Burried,6,Return,1976,House,InOperation,[0],['NoFailure'],['NoFailure'],0
454,KMR,920524,150,Burried,17,Supply,1975,Line,InOperation,[0],['NoFailure'],['NoFailure'],0
455,KMR,539599,50,Burried,5,Return,1990,Line,InOperation,[0],['NoFailure'],['NoFailure'],0
456,KMR,818127,125,Burried,23,Return,2016,House,InOperation,[0],['NoFailure'],['NoFailure'],0
457,KMR,222161,25,Burried,13,Return,2008,Line,InOperation,[0],['NoFailure'],['NoFailure'],0
458,KMR,869329,150,Burried,41,Supply,2009,House,InOperation,[0],['NoFailure'],['NoFailure'],0
459,KMR,359378,50,Burried,86,Supply,1986,Line,InOperation,[0],['NoFailure'],['NoFailure'],0
460,KMR,891863,25,Burried,22,Supply,1989,House,InOperation,[0],['NoFailure'],['NoFailure'],0
461,KMR,175067,65,Burried,7,Return,2008,House,InOperation,[0],['NoFailure'],['NoFailure'],0
462,KMR,910303,200,Burried,15,Return,1981,Line,InOperation,[0],['NoFailure'],['NoFailure'],0
463,KMR,836577,65,Burried,6,Return,1977,House,InOperation,[0],['NoFailure'],['NoFailure'],0
464,KMR,859108,50,Burried,22,Supply,2018,Line,InOperation,[0],['NoFailure'],['NoFailure'],0
465,KMR,981988,150,Burried,20,Return,2008,House,InOperation,[0],['NoFailure'],['NoFailure'],0
466,KMR,986085,150,Burried,23,Return,2005,House,InOperation,[0],['NoFailure'],['NoFailure'],0
467,KMR,662503,150,Burried,6,Supply,2011,House,InOperation,[0],['NoFailure'],['NoFailure'],0
468,KMR,367593,200,Burried,11,Return,1991,House,InOperation,[0],['NoFailure'],['NoFailure'],0
469,KMR,852970,40,Burried,29,Return,2014,House,InOperation,[0],['NoFailure'],['NoFailure'],0
470,KMR,269290,50,Burried,2,Return,2001,House,InOperation,[0],['NoFailure'],['NoFailure'],0
471,KMR,173033,80,Burried,23,Supply,1989,Line,InOperation,[0],['NoFailure'],['NoFailure'],0
472,KMR,703471,100,Burried,21,Supply,1993,House,InOperation,[0],['NoFailure'],['NoFailure'],0
473,KMR,295922,65,Burried,19,Supply,1995,Line,InOperation,[0],['NoFailure'],['NoFailure'],0
474,KMR,771059,50,Burried,10,Supply,2016,House,InOperation,[0],['NoFailure'],['NoFailure'],0
475,KMR,275443,65,Burried,21,Return,1987,Line,InOperation,[0],['NoFailure'],['NoFailure'],0
476,KMR,609270,32,Burried,24,Supply,2017,Line,InOperation,[0],['NoFailure'],['NoFailure'],0
477,KMR,781303,65,Burried,22,Return,2000,Line,InOperation,[0],['NoFailure'],['NoFailure'],0
478,KMR,621560,65,Burried,122,Supply,1997,House,InOperation,[0],['NoFailure'],['NoFailure'],0
479,KMR,902137,65,Burried,148,Return,1973,Line,InOperation,[0],['NoFailure'],['NoFailure'],0
480,KMR,259075,50,Burried,6,Return,2010,Line,InOperation,[0],['NoFailure'],['NoFailure'],0
481,KMR,140291,80,Burried,11,Supply,1974,House,InOperation,[0],['NoFailure'],['NoFailure'],0
482,KMR,820229,80,Burried,13,Return,2001,Line,Decommissioned,[0],['NoFailure'],['NoFailure'],2002
483,KMR,824326,40,Burried,43,Supply,1985,Line,Decommissioned,[0],['NoFailure'],['NoFailure'],2023
484,KMR,146439,65,Burried,24,Supply,2000,Line,InOperation,[0],['NoFailure'],['NoFailure'],0
485,KMR,711688,25,Burried,39,Return,2011,House,InOperation,[0],['NoFailure'],['NoFailure'],0
486,KMR,429065,50,Burried,10,Return,2003,House,InOperation,[0],['NoFailure'],['NoFailure'],0
487,KMR,392202,65,Burried,162,Supply,1982,Line,InOperation,[0],['NoFailure'],['NoFailure'],0
488,KMR,537611,80,Burried,17,Return,2013,Line,InOperation,[0],['NoFailure'],['NoFailure'],0
489,KMR,562190,32,Burried,102,Return,1984,Line,Decommissioned,[0],['NoFailure'],['NoFailure'],2023
490,KMR,545810,50,Burried,8,Return,2008,Line,InOperation,[0],['NoFailure'],['NoFailure'],0
491,KMR,572435,65,Burried,14,Return,1994,House,InOperation,[0],['NoFailure'],['NoFailure'],0
492,KMR,781332,150,Burried,13,Return,1974,Line,InOperation,[0],['NoFailure'],['NoFailure'],0
493,KMR,664597,40,Burried,6,Return,1978,Line,InOperation,[0],['NoFailure'],['NoFailure'],0
494,KMR,674839,40,Burried,14,Return,1977,Line,InOperation,[0],['NoFailure'],['NoFailure'],0
495,KMR,818199,150,Burried,2,Supply,1980,Line,InOperation,[0],['NoFailure'],['NoFailure'],0
496,KMR,582679,50,Burried,137,Return,1972,Line,InOperation,[0],['NoFailure'],['NoFailure'],0
497,KMR,283671,150,Burried,6,Return,1972,House,InOperation,[0],['NoFailure'],['NoFailure'],0
498,KMR,967709,65,Burried,30,Return,1986,Line,InOperation,[0],['NoFailure'],['NoFailure'],0
499,KMR,789536,150,Burried,36,Return,1987,House,InOperation,[0],['NoFailure'],['NoFailure'],0
500,KMR,289824,150,Burried,16,Return,1982,Line,InOperation,[0],['NoFailure'],['NoFailure'],0
501,KMR,152613,100,Burried,1,Return,2018,House,InOperation,[0],['NoFailure'],['NoFailure'],0
502,KMR,982053,40,Burried,3,Return,1989,Line,Decommissioned,[0],['NoFailure'],['NoFailure'],1990
503,KMR,500774,40,Burried,18,Supply,1992,Line,InOperation,[0],['NoFailure'],['NoFailure'],0
504,KMR,425000,100,Burried,12,Return,2006,Line,Decommissioned,[0],['NoFailure'],['NoFailure'],2023
505,KMR,619561,250,Burried,15,Return,1999,Line,InOperation,[0],['NoFailure'],['NoFailure'],0
506,KMR,764966,80,Burried,3,Return,2002,House,InOperation,[0],['NoFailure'],['NoFailure'],0
507,KMR,517159,50,Burried,24,Supply,2018,Line,InOperation,[0],['NoFailure'],['NoFailure'],0
508,KMR,658473,50,Burried,15,Supply,2020,House,InOperation,[0],['NoFailure'],['NoFailure'],0
509,KMR,820270,50,Burried,19,Supply,2020,House,InOperation,[0],['NoFailure'],['NoFailure'],0
510,KMR,816174,150,Burried,14,Supply,1998,Line,InOperation,[0],['NoFailure'],['NoFailure'],0
511,KMR,504880,25,Burried,13,Supply,1986,Line,InOperation,[0],['NoFailure'],['NoFailure'],0
512,KMR,345146,50,Burried,109,Return,2012,House,InOperation,[0],['NoFailure'],['NoFailure'],0
513,KMR,566331,65,Burried,19,Return,2021,Line,Decommissioned,[0],['NoFailure'],['NoFailure'],2022
514,KMR,328764,80,Burried,31,Return,2019,House,InOperation,[0],['NoFailure'],['NoFailure'],0
515,KMR,111679,25,Burried,22,Supply,1999,House,InOperation,[0],['NoFailure'],['NoFailure'],0
516,KMR,681032,65,Burried,13,Return,1981,House,InOperation,[0],['NoFailure'],['NoFailure'],0
517,KMR,316489,250,Burried,46,Supply,1982,Line,InOperation,[0],['NoFailure'],['NoFailure'],0
518,KMR,801870,100,Burried,70,Return,1988,Line,InOperation,[0],['NoFailure'],['NoFailure'],0
519,KMR,621649,50,Burried,49,Return,1973,House,InOperation,[2013],['Substantial'],['Corrosion'],1974
520,KMR,308305,150,Burried,5,Supply,1975,House,InOperation,[0],['NoFailure'],['NoFailure'],0
521,KMR,136274,40,Burried,23,Return,1982,Line,InOperation,[0],['NoFailure'],['NoFailure'],0
522,KMR,664659,65,Burried,45,Return,2015,Line,InOperation,[0],['NoFailure'],['NoFailure'],0
523,KMR,146519,25,Burried,18,Supply,1999,House,InOperation,[0],['NoFailure'],['NoFailure'],0
524,KMR,574552,65,Burried,5,Supply,2020,Line,InOperation,[0],['NoFailure'],['NoFailure'],0
525,KMR,279642,50,Burried,6,Return,2012,House,InOperation,[0],['NoFailure'],['NoFailure'],0
526,KMR,547931,80,Burried,3,Return,2006,House,InOperation,[0],['NoFailure'],['NoFailure'],0
527,KMR,382042,300,Burried,13,Supply,1997,House,Decommissioned,[0],['NoFailure'],['NoFailure'],2023
528,KMR,951386,65,Burried,35,Supply,2016,House,Decommissioned,[0],['NoFailure'],['NoFailure'],2023
529,KMR,343134,250,Burried,11,Return,2016,Line,InOperation,[0],['NoFailure'],['NoFailure'],0
530,KMR,611424,250,Burried,8,Supply,2001,House,InOperation,[2003],['Substantial'],['Leakage'],2002
531,KMR,107620,50,Burried,6,Supply,2001,House,InOperation,[0],['NoFailure'],['NoFailure'],0
532,KMR,752742,32,Burried,122,Return,1989,Line,InOperation,[0],['NoFailure'],['NoFailure'],0
533,KMR,689258,40,Burried,3,Supply,2009,House,InOperation,[0],['NoFailure'],['NoFailure'],0
534,KMR,928875,65,Burried,102,Return,1978,Line,InOperation,[0],['NoFailure'],['NoFailure'],0
535,KMR,650350,65,Burried,14,Supply,2020,Line,InOperation,[0],['NoFailure'],['NoFailure'],0
536,KMR,935023,65,Burried,1,Return,1982,Line,InOperation,[0],['NoFailure'],['NoFailure'],0
537,KMR,957554,100,Burried,17,Return,2003,Line,InOperation,[0],['NoFailure'],['NoFailure'],0
538,KMR,453747,80,Burried,55,Supply,1979,House,InOperation,[0],['NoFailure'],['NoFailure'],0
539,KMR,130163,80,Burried,16,Supply,1974,Line,InOperation,[0],['NoFailure'],['NoFailure'],0
540,KMR,156795,65,Burried,13,Supply,2001,House,InOperation,[0],['NoFailure'],['NoFailure'],0
541,KMR,330875,50,Burried,19,Supply,2002,House,InOperation,[2015],['Substantial'],['ThirdParty'],2003
542,KMR,433277,32,Burried,27,Return,1978,House,InOperation,[0],['NoFailure'],['NoFailure'],0
543,KMR,394364,80,Burried,64,Supply,1986,Line,InOperation,[0],['NoFailure'],['NoFailure'],0
544,KMR,382079,25,Burried,10,Supply,2010,House,Decommissioned,[0],['NoFailure'],['NoFailure'],2011
545,KMR,584834,65,Burried,23,Supply,1976,Line,Decommissioned,[0],['NoFailure'],['NoFailure'],2023
546,KMR,269445,100,Burried,10,Supply,2021,Line,InOperation,[0],['NoFailure'],['NoFailure'],0
547,KMR,349333,200,Burried,17,Return,1991,Line,InOperation,[0],['NoFailure'],['NoFailure'],0
548,KMR,685205,150,Burried,14,Return,1999,Line,InOperation,[0],['NoFailure'],['NoFailure'],0
549,KMR,900247,100,Burried,4,Supply,2019,Line,InOperation,[0],['NoFailure'],['NoFailure'],0
550,KMR,691358,50,Burried,33,Return,2021,Line,InOperation,[0],['NoFailure'],['NoFailure'],0
551,KMR,726175,25,Burried,14,Supply,1993,House,InOperation,[0],['NoFailure'],['NoFailure'],0
552,KMR,425120,40,Burried,22,Return,1975,Line,InOperation,[0],['NoFailure'],['NoFailure'],0
553,KMR,818337,200,Burried,12,Return,1983,House,InOperation,[0],['NoFailure'],['NoFailure'],0
554,KMR,597152,65,Burried,13,Supply,2019,House,InOperation,[0],['NoFailure'],['NoFailure'],0
555,KMR,132259,65,Burried,68,Supply,1972,House,InOperation,[0],['NoFailure'],['NoFailure'],0
556,KMR,844961,80,Burried,6,Return,1996,Line,InOperation,[0],['NoFailure'],['NoFailure'],0
557,KMR,232613,32,Burried,16,Supply,2014,Line,InOperation,[0],['NoFailure'],['NoFailure'],0
558,KMR,283817,40,Burried,22,Return,1974,House,InOperation,[0],['NoFailure'],['NoFailure'],0
559,KMR,418989,50,Burried,41,Supply,1986,House,InOperation,[0],['NoFailure'],['NoFailure'],0
560,KMR,548016,32,Burried,7,Supply,1979,House,InOperation,[0],['NoFailure'],['NoFailure'],0
561,KMR,378035,150,Burried,19,Supply,2002,House,InOperation,[0],['NoFailure'],['NoFailure'],0
562,KMR,978100,150,Burried,13,Supply,1980,House,InOperation,[0],['NoFailure'],['NoFailure'],0
563,KMR,668853,50,Burried,58,Return,2012,House,InOperation,[0],['NoFailure'],['NoFailure'],0
564,KMR,644275,100,Burried,20,Supply,1974,House,InOperation,[0],['NoFailure'],['NoFailure'],0
565,KMR,916660,40,Burried,67,Return,1976,House,InOperation,[0],['NoFailure'],['NoFailure'],0
566,KMR,210103,250,Burried,59,Supply,1972,Line,InOperation,[0],['NoFailure'],['NoFailure'],0
567,KMR,232633,65,Burried,18,Return,1974,Line,InOperation,[0],['NoFailure'],['NoFailure'],0
568,KMR,699578,50,Burried,1,Supply,1978,House,InOperation,[0],['NoFailure'],['NoFailure'],0
569,KMR,842939,32,Burried,1,Supply,2002,House,InOperation,[0],['NoFailure'],['NoFailure'],0
570,KMR,865468,50,Burried,20,Return,1972,Line,Decommissioned,[0],['NoFailure'],['NoFailure'],1973
571,KMR,220345,50,Burried,18,Supply,2008,Line,InOperation,[0],['NoFailure'],['NoFailure'],0
572,KMR,124094,40,Burried,1,Return,2016,Line,InOperation,[0],['NoFailure'],['NoFailure'],0
573,KMR,107711,80,Burried,8,Supply,2002,Line,InOperation,[0],['NoFailure'],['NoFailure'],0
574,KMR,844990,40,Burried,31,Return,1987,Line,InOperation,[0],['NoFailure'],['NoFailure'],0
575,KMR,373955,50,Burried,14,Return,2005,House,InOperation,[0],['NoFailure'],['NoFailure'],0
576,KMR,484548,65,Burried,15,Supply,1974,Line,InOperation,[0],['NoFailure'],['NoFailure'],0
577,KMR,951494,200,Burried,6,Return,2015,House,InOperation,[0],['NoFailure'],['NoFailure'],0
578,KMR,871623,65,Burried,14,Return,1984,House,InOperation,[2012],['Substantial'],['Leakage'],2023
579,KMR,244937,150,Burried,9,Supply,1999,Line,InOperation,[0],['NoFailure'],['NoFailure'],0
580,KMR,445643,50,Burried,14,Return,2000,Line,InOperation,[0],['NoFailure'],['NoFailure'],0
581,KMR,296140,65,Burried,37,Supply,2018,House,InOperation,[0],['NoFailure'],['NoFailure'],0
582,KMR,505037,65,Burried,16,Return,1994,House,InOperation,[0],['NoFailure'],['NoFailure'],0
583,KMR,249040,80,Burried,14,Supply,1977,Line,InOperation,[0],['NoFailure'],['NoFailure'],0
584,KMR,812240,40,Burried,18,Return,1997,House,InOperation,[0],['NoFailure'],['NoFailure'],0
585,KMR,713940,100,Burried,10,Return,1986,Line,InOperation,[0],['NoFailure'],['NoFailure'],0
586,KMR,984280,50,Burried,18,Supply,2006,Line,Decommissioned,[0],['NoFailure'],['NoFailure'],2007
587,KMR,361690,150,Burried,11,Return,1974,Line,InOperation,[0],['NoFailure'],['NoFailure'],0
588,KMR,685275,50,Burried,2,Supply,1995,Line,InOperation,[0],['NoFailure'],['NoFailure'],0
589,KMR,365788,80,Burried,14,Return,2014,Line,InOperation,[0],['NoFailure'],['NoFailure'],0
590,KMR,550109,100,Burried,30,Supply,2001,House,InOperation,[0],['NoFailure'],['NoFailure'],0
591,KMR,304349,32,Burried,3,Return,2010,House,InOperation,[0],['NoFailure'],['NoFailure'],0
592,KMR,818402,25,Burried,33,Supply,1989,House,InOperation,[0],['NoFailure'],['NoFailure'],0
593,KMR,204005,50,Burried,47,Return,2004,House,InOperation,[0],['NoFailure'],['NoFailure'],0
594,KMR,185574,65,Burried,32,Return,2012,House,InOperation,[0],['NoFailure'],['NoFailure'],0
595,KMR,410853,100,Burried,4,Supply,1998,House,InOperation,[0],['NoFailure'],['NoFailure'],0
596,KMR,335080,32,Burried,2,Return,2021,Line,InOperation,[0],['NoFailure'],['NoFailure'],0
597,KMR,443623,40,Burried,11,Supply,1974,House,InOperation,[0],['NoFailure'],['NoFailure'],0
598,KMR,517354,50,Burried,20,Return,1975,House,InOperation,[0],['NoFailure'],['NoFailure'],0
599,KMR,574702,80,Burried,10,Return,1990,Line,InOperation,[0],['NoFailure'],['NoFailure'],0
600,KMR,134383,32,Burried,11,Return,1981,House,InOperation,[0],['NoFailure'],['NoFailure'],0
601,KMR,275699,150,Burried,10,Supply,1985,Line,InOperation,[0],['NoFailure'],['NoFailure'],0
602,KMR,451832,80,Burried,5,Return,2015,Line,Decommissioned,[0],['NoFailure'],['NoFailure'],2023
603,KMR,251131,150,Burried,6,Return,2017,Line,InOperation,[0],['NoFailure'],['NoFailure'],0
604,KMR,746749,150,Burried,14,Return,1987,House,InOperation,[0],['NoFailure'],['NoFailure'],0
605,KMR,222466,65,Burried,66,Supply,2005,Line,InOperation,[0],['NoFailure'],['NoFailure'],0
606,KMR,890114,125,Burried,23,Return,1984,House,InOperation,[2007],['Substantial'],['Leakage'],1985
607,KMR,296197,65,Burried,17,Supply,1992,Line,InOperation,[0],['NoFailure'],['NoFailure'],0
608,KMR,918790,80,Burried,12,Return,2015,Line,Decommissioned,[0],['NoFailure'],['NoFailure'],2016
609,KMR,978182,25,Burried,12,Supply,2006,Line,InOperation,[0],['NoFailure'],['NoFailure'],0
610,KMR,574730,80,Burried,43,Return,1980,Line,InOperation,[0],['NoFailure'],['NoFailure'],0
611,KMR,926987,40,Burried,10,Return,2005,House,InOperation,[0],['NoFailure'],['NoFailure'],0
612,KMR,306443,50,Burried,20,Return,2013,House,InOperation,[0],['NoFailure'],['NoFailure'],0
613,KMR,496909,32,Burried,24,Supply,1999,House,InOperation,[0],['NoFailure'],['NoFailure'],0
614,KMR,904461,32,Burried,14,Return,2002,Line,InOperation,[0],['NoFailure'],['NoFailure'],0
615,KMR,240914,125,Burried,40,Return,2000,House,InOperation,[0],['NoFailure'],['NoFailure'],0
616,KMR,167186,250,Burried,2,Return,1985,House,InOperation,[0],['NoFailure'],['NoFailure'],0
617,KMR,433428,65,Burried,17,Supply,1992,House,InOperation,[0],['NoFailure'],['NoFailure'],0
618,KMR,986388,300,Burried,24,Return,1976,Line,Decommissioned,[2017],['Trivial'],['Installation'],2017
619,KMR,883990,80,Burried,30,Supply,1987,House,InOperation,[0],['NoFailure'],['NoFailure'],0
620,KMR,877845,200,Burried,33,Supply,2019,House,Decommissioned,[0],['NoFailure'],['NoFailure'],2023
621,KMR,826650,80,Burried,42,Supply,1995,House,InOperation,[0],['NoFailure'],['NoFailure'],0
622,KMR,111906,100,Burried,7,Return,1972,Line,InOperation,[0],['NoFailure'],['NoFailure'],0
623,KMR,437538,200,Burried,18,Supply,2015,House,Decommissioned,[0],['NoFailure'],['NoFailure'],2023
624,KMR,699687,40,Burried,16,Supply,2015,House,InOperation,[2020],['Trivial'],['Corrosion'],2016
625,KMR,888105,350,Burried,8,Supply,1974,House,InOperation,[0],['NoFailure'],['NoFailure'],0
626,KMR,349485,50,Burried,27,Supply,1978,House,InOperation,[0],['NoFailure'],['NoFailure'],0
627,KMR,732466,80,Burried,209,Return,2018,House,InOperation,[0],['NoFailure'],['NoFailure'],0
628,KMR,662834,65,Burried,32,Supply,1997,Line,InOperation,[0],['NoFailure'],['NoFailure'],0
629,KMR,777524,80,Burried,7,Supply,1999,House,InOperation,[0],['NoFailure'],['NoFailure'],0
630,KMR,675126,50,Burried,2,Return,2009,House,InOperation,[0],['NoFailure'],['NoFailure'],0
631,KMR,199992,50,Burried,66,Supply,2017,House,InOperation,[0],['NoFailure'],['NoFailure'],0
632,KMR,384314,150,Burried,19,Return,2011,Line,InOperation,[0],['NoFailure'],['NoFailure'],0
633,KMR,720187,200,Burried,12,Supply,1982,House,InOperation,[0],['NoFailure'],['NoFailure'],0
634,KMR,728379,50,Burried,44,Supply,2009,House,InOperation,[0],['NoFailure'],['NoFailure'],0
635,KMR,390461,40,Burried,55,Return,2001,House,InOperation,[2007],['Substantial'],['Fatigue'],2023
636,KMR,273729,200,Burried,23,Return,2004,House,InOperation,[0],['NoFailure'],['NoFailure'],0
637,KMR,206148,25,Burried,17,Return,1979,House,InOperation,[0],['NoFailure'],['NoFailure'],0
638,KMR,933190,300,Burried,15,Return,2008,House,InOperation,[0],['NoFailure'],['NoFailure'],0
639,KMR,888134,50,Burried,6,Return,1982,House,InOperation,[0],['NoFailure'],['NoFailure'],0
640,KMR,832841,80,Burried,23,Return,1996,House,Decommissioned,[0],['NoFailure'],['NoFailure'],2023
641,KMR,601418,65,Burried,9,Return,2005,Line,InOperation,[0],['NoFailure'],['NoFailure'],0
642,KMR,640330,50,Burried,7,Supply,1998,Line,InOperation,[0],['NoFailure'],['NoFailure'],0
643,KMR,544074,50,Burried,19,Supply,1990,Line,Decommissioned,[0],['NoFailure'],['NoFailure'],1991
644,KMR,732495,150,Burried,2,Return,2020,House,InOperation,[0],['NoFailure'],['NoFailure'],0
645,KMR,474448,250,Burried,17,Supply,1998,Line,InOperation,[0],['NoFailure'],['NoFailure'],0
646,KMR,974162,80,Burried,6,Return,1988,House,InOperation,[0],['NoFailure'],['NoFailure'],0
647,KMR,867666,100,Burried,61,Supply,2003,House,InOperation,[0],['NoFailure'],['NoFailure'],0
648,KMR,687443,125,Burried,1,Supply,1992,House,InOperation,[0],['NoFailure'],['NoFailure'],0
649,KMR,171353,40,Burried,6,Supply,1986,Line,InOperation,[0],['NoFailure'],['NoFailure'],0
650,KMR,173401,150,Burried,3,Supply,2005,Line,InOperation,[0],['NoFailure'],['NoFailure'],0
651,KMR,628063,25,Burried,71,Return,2016,House,InOperation,[0],['NoFailure'],['NoFailure'],0
652,KMR,697696,40,Burried,19,Supply,1987,Line,InOperation,[0],['NoFailure'],['NoFailure'],0
653,KMR,873826,150,Burried,7,Return,1984,House,InOperation,[0],['NoFailure'],['NoFailure'],0
654,KMR,990563,300,Burried,13,Return,2002,Line,InOperation,[0],['NoFailure'],['NoFailure'],0
655,KMR,892260,32,Burried,9,Return,2009,Line,InOperation,[0],['NoFailure'],['NoFailure'],0
656,KMR,570727,25,Burried,59,Supply,1978,Line,InOperation,[0],['NoFailure'],['NoFailure'],0
657,KMR,384362,65,Burried,21,Supply,2006,Line,Decommissioned,[0],['NoFailure'],['NoFailure'],2023
658,KMR,275821,32,Burried,5,Return,1973,Line,Decommissioned,[0],['NoFailure'],['NoFailure'],1974
659,KMR,142706,40,Burried,28,Return,1985,House,Decommissioned,[0],['NoFailure'],['NoFailure'],1986
660,KMR,990579,250,Burried,12,Supply,1975,House,InOperation,[0],['NoFailure'],['NoFailure'],0
661,KMR,726387,150,Burried,2,Return,1982,Line,InOperation,[0],['NoFailure'],['NoFailure'],0
662,KMR,482677,80,Burried,3,Return,1977,Line,Decommissioned,[0],['NoFailure'],['NoFailure'],2023
663,KMR,445816,32,Burried,10,Return,1999,Line,Decommissioned,[0],['NoFailure'],['NoFailure'],2000
664,KMR,273787,32,Burried,21,Return,2012,Line,InOperation,[0],['NoFailure'],['NoFailure'],0
665,KMR,621950,125,Burried,14,Supply,1980,Line,Decommissioned,[0],['NoFailure'],['NoFailure'],1981
666,KMR,132479,50,Burried,33,Supply,1981,House,InOperation,[0],['NoFailure'],['NoFailure'],0
667,KMR,324991,200,Burried,112,Return,1973,House,InOperation,[0],['NoFailure'],['NoFailure'],0
668,KMR,728450,40,Burried,5,Return,1987,House,InOperation,[0],['NoFailure'],['NoFailure'],0
669,KMR,327045,50,Burried,13,Supply,1990,Line,InOperation,[0],['NoFailure'],['NoFailure'],0
670,KMR,757126,150,Burried,20,Supply,1991,House,InOperation,[0],['NoFailure'],['NoFailure'],0
671,KMR,875912,200,Burried,6,Supply,2015,Line,InOperation,[0],['NoFailure'],['NoFailure'],0
672,KMR,458122,25,Burried,7,Return,1981,Line,InOperation,[0],['NoFailure'],['NoFailure'],0
673,KMR,785809,125,Burried,19,Return,1997,House,InOperation,[0],['NoFailure'],['NoFailure'],0
674,KMR,867732,40,Burried,18,Supply,2014,Line,InOperation,[0],['NoFailure'],['NoFailure'],0
675,KMR,703895,80,Burried,30,Return,1997,Line,InOperation,[0],['NoFailure'],['NoFailure'],0
676,KMR,296343,65,Burried,6,Return,1972,Line,InOperation,[0],['NoFailure'],['NoFailure'],0
677,KMR,124313,150,Burried,76,Supply,2019,House,Decommissioned,[2020],['Substantial'],['Fatigue'],2020
678,KMR,875929,300,Burried,12,Return,1980,Line,InOperation,[2017],['Trivial'],['Leakage'],1981
679,KMR,775582,50,Burried,48,Return,1999,Line,InOperation,[0],['NoFailure'],['NoFailure'],0
680,KMR,200098,65,Burried,48,Supply,2010,Line,InOperation,[0],['NoFailure'],['NoFailure'],0
681,KMR,753748,150,Burried,2,Supply,1983,House,InOperation,[0],['NoFailure'],['NoFailure'],0
682,KMR,716200,25,Burried,4,Supply,2003,House,InOperation,[0],['NoFailure'],['NoFailure'],0
683,KMR,372137,25,Burried,37,Return,2017,Line,InOperation,[0],['NoFailure'],['NoFailure'],0
684,KMR,482730,40,Burried,21,Supply,1980,House,InOperation,[0],['NoFailure'],['NoFailure'],0
685,KMR,910762,100,Burried,27,Return,2002,House,InOperation,[0],['NoFailure'],['NoFailure'],0
686,KMR,929197,150,Burried,27,Return,2018,Line,InOperation,[0],['NoFailure'],['NoFailure'],0
687,KMR,791985,80,Burried,5,Supply,2019,House,Decommissioned,[0],['NoFailure'],['NoFailure'],2020
688,KMR,103858,200,Burried,7,Return,2000,Line,InOperation,[0],['NoFailure'],['NoFailure'],0
689,KMR,259508,50,Burried,4,Return,2000,Line,InOperation,[0],['NoFailure'],['NoFailure'],0
690,KMR,644534,150,Burried,13,Supply,2007,Line,InOperation,[0],['NoFailure'],['NoFailure'],0
691,KMR,316857,200,Burried,6,Return,1995,House,InOperation,[0],['NoFailure'],['NoFailure'],0
692,KMR,155066,50,Burried,24,Supply,2005,House,InOperation,[0],['NoFailure'],['NoFailure'],0
693,KMR,538043,200,Burried,7,Return,2010,House,InOperation,[0],['NoFailure'],['NoFailure'],0
694,KMR,972224,40,Burried,6,Return,1987,House,InOperation,[0],['NoFailure'],['NoFailure'],0
695,KMR,878019,80,Burried,4,Supply,2005,Line,InOperation,[0],['NoFailure'],['NoFailure'],0
696,KMR,505283,50,Burried,18,Return,2014,House,InOperation,[0],['NoFailure'],['NoFailure'],0
697,KMR,624074,25,Burried,22,Return,1998,House,InOperation,[0],['NoFailure'],['NoFailure'],0
698,KMR,171467,40,Burried,12,Return,1987,House,InOperation,[0],['NoFailure'],['NoFailure'],0
699,KMR,466384,150,Burried,6,Return,1975,House,InOperation,[0],['NoFailure'],['NoFailure'],0
700,KMR,488913,40,Burried,30,Return,1987,Line,InOperation,[0],['NoFailure'],['NoFailure'],0
701,KMR,634322,65,Burried,23,Supply,1980,House,InOperation,[0],['NoFailure'],['NoFailure'],0
702,KMR,918995,32,Burried,9,Return,1978,Line,InOperation,[0],['NoFailure'],['NoFailure'],0
703,KMR,982484,200,Burried,2,Return,1977,House,InOperation,[0],['NoFailure'],['NoFailure'],0
704,KMR,843226,40,Burried,32,Supply,1981,Line,InOperation,[0],['NoFailure'],['NoFailure'],0
705,KMR,189923,300,Burried,5,Supply,1981,Line,InOperation,[0],['NoFailure'],['NoFailure'],0
706,KMR,656868,65,Burried,14,Return,2006,Line,InOperation,[0],['NoFailure'],['NoFailure'],0
707,KMR,990697,25,Burried,31,Supply,1998,Line,InOperation,[0],['NoFailure'],['NoFailure'],0
708,KMR,208363,65,Burried,20,Supply,1981,House,InOperation,[0],['NoFailure'],['NoFailure'],0
709,KMR,122348,40,Burried,15,Supply,2013,Line,Decommissioned,[0],['NoFailure'],['NoFailure'],2023
710,KMR,200174,100,Burried,9,Supply,2012,Line,Decommissioned,[0],['NoFailure'],['NoFailure'],2023
711,KMR,148980,40,Burried,45,Supply,1986,House,Decommissioned,[0],['NoFailure'],['NoFailure'],1987
712,KMR,974325,250,Burried,36,Supply,2011,House,InOperation,[0],['NoFailure'],['NoFailure'],0
713,KMR,964086,40,Burried,1,Supply,1995,Line,InOperation,[0],['NoFailure'],['NoFailure'],0
714,KMR,753146,150,Burried,19,Supply,2015,Line,InOperation,[0],['NoFailure'],['NoFailure'],0
715,KMR,495100,80,Burried,4,Return,1994,Line,InOperation,[2013],['Trivial'],['Leakage'],1995
716,KMR,351741,250,Burried,37,Supply,2001,House,InOperation,[0],['NoFailure'],['NoFailure'],0
717,KMR,701958,65,Burried,12,Return,1990,House,InOperation,[0],['NoFailure'],['NoFailure'],0
718,KMR,951817,80,Burried,31,Supply,1980,Line,InOperation,[0],['NoFailure'],['NoFailure'],0
719,KMR,738827,50,Burried,8,Supply,2000,Line,InOperation,[0],['NoFailure'],['NoFailure'],0
720,KMR,202252,80,Burried,15,Supply,1994,House,InOperation,[0],['NoFailure'],['NoFailure'],0
721,KMR,247310,50,Burried,31,Supply,1984,Line,InOperation,[0],['NoFailure'],['NoFailure'],0
722,KMR,171535,250,Burried,24,Supply,1995,House,InOperation,[0],['NoFailure'],['NoFailure'],0
723,KMR,816656,200,Burried,37,Return,1995,Line,InOperation,[0],['NoFailure'],['NoFailure'],0
724,KMR,534030,40,Burried,24,Return,2018,House,InOperation,[0],['NoFailure'],['NoFailure'],0
725,KMR,853522,50,Burried,8,Return,1991,Line,InOperation,[0],['NoFailure'],['NoFailure'],0
726,KMR,452119,50,Burried,14,Supply,1988,Line,InOperation,[0],['NoFailure'],['NoFailure'],0
727,KMR,652824,100,Burried,21,Supply,1985,Line,InOperation,[0],['NoFailure'],['NoFailure'],0
728,KMR,206363,80,Burried,8,Return,1990,Line,Decommissioned,[0],['NoFailure'],['NoFailure'],1991
729,KMR,275995,200,Burried,76,Supply,2010,Line,InOperation,[0],['NoFailure'],['NoFailure'],0
730,KMR,464413,65,Burried,20,Return,2007,Line,InOperation,[0],['NoFailure'],['NoFailure'],0
731,KMR,575006,40,Burried,3,Return,2004,Line,InOperation,[0],['NoFailure'],['NoFailure'],0
732,KMR,519709,25,Burried,36,Supply,1973,Line,InOperation,[0],['NoFailure'],['NoFailure'],0
733,KMR,790048,50,Burried,21,Supply,2018,Line,InOperation,[0],['NoFailure'],['NoFailure'],0
734,KMR,929312,65,Burried,37,Supply,1999,House,InOperation,[2018],['Trivial'],['Leakage'],2023
735,KMR,265762,200,Burried,24,Return,1972,House,InOperation,[1982],['Trivial'],['Isolation'],2023
736,KMR,904742,150,Burried,38,Return,1981,House,InOperation,[0],['NoFailure'],['NoFailure'],0
737,KMR,402986,80,Burried,24,Return,2000,Line,InOperation,[0],['NoFailure'],['NoFailure'],0
738,KMR,179755,80,Burried,12,Supply,2012,House,InOperation,[0],['NoFailure'],['NoFailure'],0
739,KMR,929323,65,Burried,23,Return,2021,House,InOperation,[0],['NoFailure'],['NoFailure'],0
740,KMR,241197,65,Burried,4,Return,2008,Line,InOperation,[0],['NoFailure'],['NoFailure'],0
741,KMR,661038,200,Burried,3,Return,2005,Line,InOperation,[0],['NoFailure'],['NoFailure'],0
742,KMR,585260,150,Burried,9,Supply,2015,Line,InOperation,[0],['NoFailure'],['NoFailure'],0
743,KMR,611882,250,Burried,17,Supply,1990,Line,InOperation,[0],['NoFailure'],['NoFailure'],0
744,KMR,427565,80,Burried,9,Supply,1995,House,InOperation,[0],['NoFailure'],['NoFailure'],0
745,KMR,437810,50,Burried,7,Supply,1980,House,InOperation,[0],['NoFailure'],['NoFailure'],0
746,KMR,140851,150,Burried,12,Supply,1987,House,InOperation,[0],['NoFailure'],['NoFailure'],0
747,KMR,562741,40,Burried,1,Return,1991,House,InOperation,[0],['NoFailure'],['NoFailure'],0
748,KMR,474679,150,Burried,9,Supply,1982,House,InOperation,[0],['NoFailure'],['NoFailure'],0
749,KMR,658999,40,Burried,22,Supply,2006,Line,InOperation,[0],['NoFailure'],['NoFailure'],0
750,KMR,773689,80,Burried,13,Supply,2009,Line,InOperation,[0],['NoFailure'],['NoFailure'],0
751,KMR,101946,100,Burried,18,Supply,2000,House,InOperation,[0],['NoFailure'],['NoFailure'],0
752,KMR,476731,50,Burried,21,Return,1981,House,InOperation,[0],['NoFailure'],['NoFailure'],0
753,KMR,276028,200,Burried,3,Return,2021,Line,InOperation,[0],['NoFailure'],['NoFailure'],0
754,KMR,794172,65,Burried,19,Supply,1986,House,InOperation,[0],['NoFailure'],['NoFailure'],0
755,KMR,675392,32,Burried,12,Supply,1990,Line,InOperation,[0],['NoFailure'],['NoFailure'],0
756,KMR,626241,40,Burried,3,Return,1978,Line,InOperation,[0],['NoFailure'],['NoFailure'],0
757,KMR,489026,65,Burried,12,Return,1987,Line,InOperation,[0],['NoFailure'],['NoFailure'],0
758,KMR,673346,50,Burried,5,Supply,1972,Line,InOperation,[0],['NoFailure'],['NoFailure'],0
759,KMR,728644,50,Burried,16,Supply,1989,Line,InOperation,[0],['NoFailure'],['NoFailure'],0
760,KMR,159300,100,Burried,14,Return,1974,House,InOperation,[0],['NoFailure'],['NoFailure'],0
761,KMR,331332,65,Burried,99,Supply,1987,Line,InOperation,[0],['NoFailure'],['NoFailure'],0
762,KMR,532042,65,Burried,8,Supply,1993,House,InOperation,[0],['NoFailure'],['NoFailure'],0
763,KMR,921164,80,Burried,16,Supply,2017,House,Decommissioned,[0],['NoFailure'],['NoFailure'],2018
764,KMR,636493,25,Burried,38,Return,2004,Line,InOperation,[0],['NoFailure'],['NoFailure'],0
765,KMR,237134,25,Burried,31,Supply,1979,House,InOperation,[0],['NoFailure'],['NoFailure'],0
766,KMR,681551,50,Burried,13,Supply,2007,House,InOperation,[0],['NoFailure'],['NoFailure'],0
767,KMR,704079,80,Burried,62,Supply,2006,Line,InOperation,[0],['NoFailure'],['NoFailure'],0
768,KMR,343632,100,Burried,68,Return,1977,Line,InOperation,[0],['NoFailure'],['NoFailure'],0
769,KMR,357965,50,Burried,71,Return,1979,House,InOperation,[0],['NoFailure'],['NoFailure'],0
770,KMR,597587,65,Burried,7,Supply,1992,Line,InOperation,[0],['NoFailure'],['NoFailure'],0
771,KMR,876116,65,Burried,12,Return,1990,Line,InOperation,[0],['NoFailure'],['NoFailure'],0
772,KMR,511573,80,Burried,59,Supply,1989,Line,InOperation,[0],['NoFailure'],['NoFailure'],0
773,KMR,591438,40,Burried,6,Supply,1978,House,InOperation,[0],['NoFailure'],['NoFailure'],0
774,KMR,243291,80,Burried,12,Supply,1988,Line,InOperation,[0],['NoFailure'],['NoFailure'],0
775,KMR,124508,80,Burried,22,Return,1989,House,Decommissioned,[0],['NoFailure'],['NoFailure'],2023
776,KMR,579165,40,Burried,40,Return,2017,Line,InOperation,[0],['NoFailure'],['NoFailure'],0
777,KMR,325214,50,Burried,19,Supply,1975,Line,InOperation,[0],['NoFailure'],['NoFailure'],0
778,KMR,882273,65,Burried,29,Return,1999,Line,InOperation,[0],['NoFailure'],['NoFailure'],0
779,KMR,482914,40,Burried,14,Supply,2001,Line,InOperation,[0],['NoFailure'],['NoFailure'],0
780,KMR,190057,25,Burried,9,Return,2002,Line,InOperation,[0],['NoFailure'],['NoFailure'],0
781,KMR,700012,100,Burried,1,Return,1997,Line,InOperation,[0],['NoFailure'],['NoFailure'],0
782,KMR,519789,25,Burried,37,Return,2013,Line,InOperation,[0],['NoFailure'],['NoFailure'],0
783,KMR,650860,300,Burried,20,Supply,2004,House,InOperation,[0],['NoFailure'],['NoFailure'],0
784,KMR,505456,150,Burried,28,Return,2005,Line,InOperation,[0],['NoFailure'],['NoFailure'],0
785,KMR,331376,100,Burried,9,Return,2016,House,InOperation,[0],['NoFailure'],['NoFailure'],0
786,KMR,949874,80,Burried,13,Return,2005,House,InOperation,[0],['NoFailure'],['NoFailure'],0
787,KMR,394871,65,Burried,41,Return,2002,Line,InOperation,[0],['NoFailure'],['NoFailure'],0
788,KMR,185976,100,Burried,10,Supply,2001,House,InOperation,[0],['NoFailure'],['NoFailure'],0
789,KMR,228987,65,Burried,20,Return,2012,Line,InOperation,[0],['NoFailure'],['NoFailure'],0
790,KMR,456316,100,Burried,1,Supply,1983,House,InOperation,[0],['NoFailure'],['NoFailure'],0
791,KMR,970364,150,Burried,47,Return,1997,Line,InOperation,[0],['NoFailure'],['NoFailure'],0
792,KMR,812667,65,Burried,6,Return,1980,House,InOperation,[0],['NoFailure'],['NoFailure'],0
793,KMR,241280,50,Burried,7,Return,2020,Line,InOperation,[0],['NoFailure'],['NoFailure'],0
794,KMR,835204,40,Burried,70,Supply,1978,House,Decommissioned,[0],['NoFailure'],['NoFailure'],1979
795,KMR,112261,150,Burried,159,Return,1972,Line,InOperation,[0],['NoFailure'],['NoFailure'],0
796,KMR,267913,150,Burried,8,Supply,2016,House,InOperation,[0],['NoFailure'],['NoFailure'],0
797,KMR,392841,200,Burried,11,Return,2017,House,InOperation,[0],['NoFailure'],['NoFailure'],0
798,KMR,917129,40,Burried,22,Supply,1980,Line,InOperation,[0],['NoFailure'],['NoFailure'],0
799,KMR,515724,25,Burried,102,Supply,2020,House,InOperation,[0],['NoFailure'],['NoFailure'],0
800,KMR,507534,50,Burried,17,Return,1978,House,InOperation,[0],['NoFailure'],['NoFailure'],0
801,KMR,773774,25,Burried,13,Supply,1973,Line,InOperation,[0],['NoFailure'],['NoFailure'],0
802,KMR,628370,80,Burried,13,Supply,1985,House,InOperation,[0],['NoFailure'],['NoFailure'],0
803,KMR,741011,40,Burried,13,Return,2020,House,InOperation,[0],['NoFailure'],['NoFailure'],0
804,KMR,175764,50,Burried,9,Supply,1984,House,InOperation,[0],['NoFailure'],['NoFailure'],0
805,KMR,511637,50,Burried,13,Supply,1985,Line,InOperation,[0],['NoFailure'],['NoFailure'],0
806,KMR,599700,50,Burried,2,Return,2018,House,InOperation,[0],['NoFailure'],['NoFailure'],0
807,KMR,755351,300,Burried,2,Return,2002,House,InOperation,[0],['NoFailure'],['NoFailure'],0
808,KMR,941720,50,Burried,11,Supply,2003,Line,InOperation,[0],['NoFailure'],['NoFailure'],0
809,KMR,534168,65,Burried,12,Supply,2016,House,InOperation,[0],['NoFailure'],['NoFailure'],0
810,KMR,315033,50,Burried,16,Return,1978,House,InOperation,[0],['NoFailure'],['NoFailure'],0
811,KMR,122521,65,Burried,11,Supply,1973,House,InOperation,[0],['NoFailure'],['NoFailure'],0
812,KMR,554650,50,Burried,10,Supply,1984,Line,Decommissioned,[0],['NoFailure'],['NoFailure'],2023
813,KMR,190102,50,Burried,13,Supply,1973,Line,InOperation,[1998],['Substantial'],['Fatigue'],2023
814,KMR,292508,80,Burried,42,Supply,2021,House,InOperation,[0],['NoFailure'],['NoFailure'],0
815,KMR,374431,50,Burried,17,Return,2005,House,InOperation,[0],['NoFailure'],['NoFailure'],0
816,KMR,530080,150,Burried,10,Return,1996,Line,InOperation,[0],['NoFailure'],['NoFailure'],0
817,KMR,462499,40,Burried,106,Supply,2002,Line,InOperation,[0],['NoFailure'],['NoFailure'],0
818,KMR,327332,50,Burried,14,Return,1989,Line,InOperation,[0],['NoFailure'],['NoFailure'],0
819,KMR,372389,150,Burried,4,Return,2016,House,Decommissioned,[0],['NoFailure'],['NoFailure'],2017
820,KMR,421542,300,Burried,3,Supply,1977,Line,InOperation,[0],['NoFailure'],['NoFailure'],0
821,KMR,634535,150,Burried,18,Supply,2013,House,InOperation,[0],['NoFailure'],['NoFailure'],0
822,KMR,186027,80,Burried,4,Supply,1991,Line,InOperation,[0],['NoFailure'],['NoFailure'],0
823,KMR,607916,40,Burried,24,Supply,1994,Line,InOperation,[0],['NoFailure'],['NoFailure'],0
824,KMR,554671,40,Burried,67,Supply,1973,House,Decommissioned,[0],['NoFailure'],['NoFailure'],1974
825,KMR,560816,200,Burried,9,Supply,2015,Line,InOperation,[0],['NoFailure'],['NoFailure'],0
826,KMR,163508,50,Burried,38,Supply,1991,House,InOperation,[0],['NoFailure'],['NoFailure'],0
827,KMR,751287,65,Burried,71,Supply,1979,House,InOperation,[0],['NoFailure'],['NoFailure'],0
828,KMR,177849,80,Burried,5,Return,2014,House,InOperation,[0],['NoFailure'],['NoFailure'],0
829,KMR,124603,25,Burried,23,Return,1999,House,InOperation,[0],['NoFailure'],['NoFailure'],0
830,KMR,788158,25,Burried,51,Return,1977,House,InOperation,[0],['NoFailure'],['NoFailure'],0
831,KMR,521919,100,Burried,51,Supply,1984,House,InOperation,[0],['NoFailure'],['NoFailure'],0
832,KMR,659136,40,Burried,43,Supply,2004,Line,InOperation,[0],['NoFailure'],['NoFailure'],0
833,KMR,743108,65,Burried,16,Supply,1985,House,Decommissioned,[0],['NoFailure'],['NoFailure'],1986
834,KMR,800452,65,Burried,1,Return,1975,House,InOperation,[0],['NoFailure'],['NoFailure'],0
835,KMR,270022,250,Burried,7,Supply,1975,Line,InOperation,[0],['NoFailure'],['NoFailure'],0
836,KMR,753349,250,Burried,6,Return,1991,Line,InOperation,[0],['NoFailure'],['NoFailure'],0
837,KMR,585416,80,Burried,7,Return,1985,Line,InOperation,[0],['NoFailure'],['NoFailure'],0
838,KMR,761545,25,Burried,24,Supply,1980,House,InOperation,[0],['NoFailure'],['NoFailure'],0
839,KMR,540366,80,Burried,24,Return,1983,Line,InOperation,[0],['NoFailure'],['NoFailure'],0
840,KMR,358094,25,Burried,24,Supply,1981,Line,InOperation,[0],['NoFailure'],['NoFailure'],0
841,KMR,427728,100,Burried,8,Return,2013,Line,InOperation,[0],['NoFailure'],['NoFailure'],0
842,KMR,650964,50,Burried,66,Supply,1973,Line,InOperation,[0],['NoFailure'],['NoFailure'],0
843,KMR,773845,80,Burried,5,Supply,2007,Line,InOperation,[0],['NoFailure'],['NoFailure'],0
844,KMR,374486,100,Burried,6,Return,2018,House,InOperation,[0],['NoFailure'],['NoFailure'],0
845,KMR,599766,150,Burried,2,Return,1978,House,InOperation,[0],['NoFailure'],['NoFailure'],0
846,KMR,376536,100,Burried,2,Return,2014,Line,InOperation,[0],['NoFailure'],['NoFailure'],0
847,KMR,806617,65,Burried,24,Supply,1993,House,InOperation,[0],['NoFailure'],['NoFailure'],0
848,KMR,489181,25,Burried,93,Return,2012,Line,InOperation,[0],['NoFailure'],['NoFailure'],0
849,KMR,630494,40,Burried,17,Return,1976,House,InOperation,[0],['NoFailure'],['NoFailure'],0
850,KMR,603873,80,Burried,22,Return,2008,Line,InOperation,[0],['NoFailure'],['NoFailure'],0
851,KMR,282339,65,Burried,15,Supply,2010,House,InOperation,[0],['NoFailure'],['NoFailure'],0
852,KMR,749284,300,Burried,23,Supply,1994,Line,InOperation,[0],['NoFailure'],['NoFailure'],0
853,KMR,970469,80,Burried,37,Supply,2001,House,InOperation,[0],['NoFailure'],['NoFailure'],0
854,KMR,204518,40,Burried,16,Supply,2009,Line,InOperation,[0],['NoFailure'],['NoFailure'],0
855,KMR,655079,40,Burried,24,Supply,1974,Line,InOperation,[0],['NoFailure'],['NoFailure'],0
856,KMR,483046,40,Burried,4,Supply,1999,Line,Decommissioned,[0],['NoFailure'],['NoFailure'],2000
857,KMR,610021,80,Burried,27,Return,1988,Line,InOperation,[0],['NoFailure'],['NoFailure'],0
858,KMR,456425,32,Burried,5,Supply,1976,Line,InOperation,[0],['NoFailure'],['NoFailure'],0
859,KMR,661227,40,Burried,58,Return,1980,House,Decommissioned,[0],['NoFailure'],['NoFailure'],2023
860,KMR,780011,50,Burried,9,Supply,1981,House,InOperation,[0],['NoFailure'],['NoFailure'],0
861,KMR,612071,32,Burried,45,Return,2013,Line,InOperation,[0],['NoFailure'],['NoFailure'],0
862,KMR,239342,80,Burried,40,Supply,2019,House,InOperation,[0],['NoFailure'],['NoFailure'],0
863,KMR,929521,25,Burried,10,Return,1994,House,InOperation,[0],['NoFailure'],['NoFailure'],0
864,KMR,210674,80,Burried,15,Supply,1975,Line,InOperation,[0],['NoFailure'],['NoFailure'],0
865,KMR,851702,40,Burried,14,Return,2018,House,InOperation,[0],['NoFailure'],['NoFailure'],0
866,KMR,702200,200,Burried,14,Return,1995,House,InOperation,[0],['NoFailure'],['NoFailure'],0
867,KMR,198393,50,Burried,9,Return,2015,House,InOperation,[0],['NoFailure'],['NoFailure'],0
868,KMR,853756,40,Burried,19,Return,2019,House,InOperation,[0],['NoFailure'],['NoFailure'],0
869,KMR,812797,200,Burried,6,Return,1990,Line,InOperation,[1997],['Trivial'],['ThirdParty'],1991
870,KMR,864000,80,Burried,3,Return,1990,House,Decommissioned,[0],['NoFailure'],['NoFailure'],2023
871,KMR,835334,40,Burried,36,Supply,1985,Line,InOperation,[0],['NoFailure'],['NoFailure'],0
872,KMR,552713,65,Burried,24,Return,1983,House,InOperation,[0],['NoFailure'],['NoFailure'],0
873,KMR,608013,150,Burried,14,Supply,1986,House,InOperation,[0],['NoFailure'],['NoFailure'],0
874,KMR,370445,100,Burried,8,Return,1981,House,Decommissioned,[0],['NoFailure'],['NoFailure'],1982
875,KMR,163599,125,Burried,3,Return,2007,House,InOperation,[0],['NoFailure'],['NoFailure'],0
876,KMR,333584,200,Burried,30,Supply,1994,House,InOperation,[0],['NoFailure'],['NoFailure'],0
877,KMR,321297,50,Burried,21,Return,2019,House,InOperation,[0],['NoFailure'],['NoFailure'],0
878,KMR,345876,25,Burried,14,Return,2000,Line,InOperation,[0],['NoFailure'],['NoFailure'],0
879,KMR,526101,50,Burried,68,Supply,1996,House,InOperation,[0],['NoFailure'],['NoFailure'],0
880,KMR,556827,32,Burried,63,Return,1991,Line,InOperation,[0],['NoFailure'],['NoFailure'],0
881,KMR,962332,65,Burried,17,Supply,2016,Line,InOperation,[0],['NoFailure'],['NoFailure'],0
882,KMR,519964,150,Burried,71,Supply,1998,House,InOperation,[0],['NoFailure'],['NoFailure'],0
883,KMR,565022,125,Burried,48,Return,1983,Line,Decommissioned,[0],['NoFailure'],['NoFailure'],1984
884,KMR,134946,50,Burried,12,Supply,2004,House,Decommissioned,[0],['NoFailure'],['NoFailure'],2005
885,KMR,550691,80,Burried,19,Return,1972,House,InOperation,[0],['NoFailure'],['NoFailure'],0
886,KMR,433956,250,Burried,13,Return,2015,Line,InOperation,[0],['NoFailure'],['NoFailure'],0
887,KMR,460581,80,Burried,12,Supply,2005,Line,InOperation,[0],['NoFailure'],['NoFailure'],0
888,KMR,868135,65,Burried,37,Return,2005,House,InOperation,[0],['NoFailure'],['NoFailure'],0
889,KMR,284456,40,Burried,33,Return,1998,House,Decommissioned,[0],['NoFailure'],['NoFailure'],1999
890,KMR,427817,25,Burried,13,Return,1972,Line,InOperation,[0],['NoFailure'],['NoFailure'],0
891,KMR,304938,80,Burried,24,Supply,2013,Line,InOperation,[0],['NoFailure'],['NoFailure'],0
892,KMR,294699,65,Burried,18,Return,2011,House,InOperation,[0],['NoFailure'],['NoFailure'],0
893,KMR,874282,40,Burried,21,Return,1977,House,InOperation,[0],['NoFailure'],['NoFailure'],0
894,KMR,902957,25,Burried,23,Return,1990,House,InOperation,[0],['NoFailure'],['NoFailure'],0
895,KMR,966447,40,Burried,41,Supply,2013,House,InOperation,[0],['NoFailure'],['NoFailure'],0
896,KMR,626479,65,Burried,4,Return,1992,House,InOperation,[1996],['Substantial'],['Installation'],1993
897,KMR,110393,150,Burried,24,Supply,1990,Line,InOperation,[0],['NoFailure'],['NoFailure'],0
898,KMR,829243,200,Burried,18,Return,2020,Line,InOperation,[0],['NoFailure'],['NoFailure'],0
899,KMR,122683,65,Burried,7,Supply,2012,House,InOperation,[0],['NoFailure'],['NoFailure'],0
900,KMR,882496,65,Burried,5,Supply,2007,Line,InOperation,[0],['NoFailure'],['NoFailure'],0
901,KMR,368448,50,Burried,22,Return,1984,House,InOperation,[0],['NoFailure'],['NoFailure'],0
902,KMR,231236,80,Burried,38,Supply,1972,House,InOperation,[0],['NoFailure'],['NoFailure'],0
903,KMR,444229,80,Burried,7,Supply,2004,Line,InOperation,[0],['NoFailure'],['NoFailure'],0
904,KMR,882506,40,Burried,57,Supply,2020,Line,Decommissioned,[0],['NoFailure'],['NoFailure'],2023
905,KMR,763724,65,Burried,37,Return,2018,House,InOperation,[0],['NoFailure'],['NoFailure'],0
906,KMR,767827,40,Burried,10,Return,1973,Line,InOperation,[0],['NoFailure'],['NoFailure'],0
907,KMR,231252,50,Burried,90,Return,1993,Line,InOperation,[0],['NoFailure'],['NoFailure'],0
908,KMR,182101,50,Burried,29,Return,1975,Line,InOperation,[0],['NoFailure'],['NoFailure'],0
909,KMR,182102,150,Burried,9,Return,2009,Line,InOperation,[0],['NoFailure'],['NoFailure'],0
910,KMR,417620,40,Burried,5,Supply,2007,House,InOperation,[0],['NoFailure'],['NoFailure'],0
911,KMR,366426,50,Burried,44,Supply,1978,House,InOperation,[0],['NoFailure'],['NoFailure'],0
912,KMR,210782,65,Burried,46,Return,1996,Line,InOperation,[0],['NoFailure'],['NoFailure'],0
913,KMR,444256,80,Burried,18,Return,2004,Line,InOperation,[0],['NoFailure'],['NoFailure'],0
914,KMR,161633,50,Burried,20,Return,1974,Line,InOperation,[0],['NoFailure'],['NoFailure'],0
915,KMR,735074,65,Burried,20,Supply,1981,Line,InOperation,[0],['NoFailure'],['NoFailure'],0
916,KMR,257891,100,Burried,11,Return,2016,Line,InOperation,[0],['NoFailure'],['NoFailure'],0
917,KMR,423782,65,Burried,6,Return,1977,Line,InOperation,[0],['NoFailure'],['NoFailure'],0
918,KMR,229223,50,Burried,47,Supply,1993,Line,InOperation,[0],['NoFailure'],['NoFailure'],0
919,KMR,806760,25,Burried,29,Return,2004,Line,InOperation,[0],['NoFailure'],['NoFailure'],0
920,KMR,378729,150,Burried,5,Return,2019,Line,InOperation,[0],['NoFailure'],['NoFailure'],0
921,KMR,364393,50,Burried,20,Return,1973,Line,InOperation,[0],['NoFailure'],['NoFailure'],0
922,KMR,110443,250,Burried,10,Return,2019,Line,InOperation,[0],['NoFailure'],['NoFailure'],0
923,KMR,730988,150,Burried,24,Supply,1981,Line,InOperation,[0],['NoFailure'],['NoFailure'],0
924,KMR,446316,50,Burried,3,Return,2013,Line,InOperation,[0],['NoFailure'],['NoFailure'],0
925,KMR,892782,200,Burried,120,Supply,1987,House,InOperation,[0],['NoFailure'],['NoFailure'],0
926,KMR,739182,40,Burried,77,Supply,1977,House,Decommissioned,[0],['NoFailure'],['NoFailure'],1978
927,KMR,894828,50,Burried,10,Supply,2017,House,InOperation,[0],['NoFailure'],['NoFailure'],0
928,KMR,431985,100,Burried,22,Return,1993,House,InOperation,[0],['NoFailure'],['NoFailure'],0
929,KMR,155505,40,Burried,22,Return,1986,Line,InOperation,[0],['NoFailure'],['NoFailure'],0
930,KMR,264051,50,Burried,169,Return,1973,House,InOperation,[0],['NoFailure'],['NoFailure'],0
931,KMR,737138,200,Burried,6,Supply,1996,Line,Decommissioned,[0],['NoFailure'],['NoFailure'],1997
932,KMR,350070,80,Burried,24,Supply,1978,Line,InOperation,[0],['NoFailure'],['NoFailure'],0
933,KMR,683900,150,Burried,23,Supply,2020,Line,InOperation,[0],['NoFailure'],['NoFailure'],0
934,KMR,784253,40,Burried,17,Return,1989,Line,Decommissioned,[0],['NoFailure'],['NoFailure'],1990
935,KMR,685952,65,Burried,6,Supply,2000,House,InOperation,[0],['NoFailure'],['NoFailure'],0
936,KMR,911233,150,Burried,1,Return,2004,House,InOperation,[0],['NoFailure'],['NoFailure'],0
937,KMR,909189,80,Burried,10,Supply,1972,Line,InOperation,[0],['NoFailure'],['NoFailure'],0
938,KMR,110469,100,Burried,13,Return,1997,Line,InOperation,[0],['NoFailure'],['NoFailure'],0
939,KMR,765832,100,Burried,109,Supply,1977,House,InOperation,[0],['NoFailure'],['NoFailure'],0
940,KMR,741257,80,Burried,26,Return,1993,Line,InOperation,[0],['NoFailure'],['NoFailure'],0
941,KMR,550794,300,Burried,10,Supply,2008,Line,InOperation,[0],['NoFailure'],['NoFailure'],0
942,KMR,552843,50,Burried,20,Supply,1972,Line,InOperation,[0],['NoFailure'],['NoFailure'],0
943,KMR,997264,100,Burried,7,Supply,2009,House,InOperation,[0],['NoFailure'],['NoFailure'],0
944,KMR,239506,50,Burried,2,Supply,1985,Line,InOperation,[0],['NoFailure'],['NoFailure'],0
945,KMR,290706,32,Burried,24,Return,1985,House,InOperation,[0],['NoFailure'],['NoFailure'],0
946,KMR,350099,80,Burried,73,Return,2003,House,InOperation,[2020],['Trivial'],['ThirdParty'],2023
947,KMR,956309,65,Burried,95,Return,2019,Line,InOperation,[0],['NoFailure'],['NoFailure'],0
948,KMR,841621,40,Burried,47,Return,1987,House,InOperation,[0],['NoFailure'],['NoFailure'],0
949,KMR,309143,150,Burried,23,Return,1972,House,InOperation,[0],['NoFailure'],['NoFailure'],0
950,KMR,546712,65,Burried,17,Return,2018,Line,InOperation,[0],['NoFailure'],['NoFailure'],0
951,KMR,679831,80,Burried,28,Return,1981,Line,InOperation,[0],['NoFailure'],['NoFailure'],0
952,KMR,843674,80,Burried,3,Supply,2012,House,InOperation,[0],['NoFailure'],['NoFailure'],0
953,KMR,907163,250,Burried,17,Return,2005,House,InOperation,[0],['NoFailure'],['NoFailure'],0
954,KMR,952220,250,Burried,15,Return,1997,House,InOperation,[0],['NoFailure'],['NoFailure'],0
955,KMR,534433,50,Burried,7,Return,2015,Line,InOperation,[0],['NoFailure'],['NoFailure'],0
956,KMR,532385,200,Burried,30,Return,1988,Line,InOperation,[0],['NoFailure'],['NoFailure'],0
957,KMR,776101,50,Burried,21,Supply,2007,Line,InOperation,[0],['NoFailure'],['NoFailure'],0
958,KMR,393126,100,Burried,1,Supply,1977,House,InOperation,[0],['NoFailure'],['NoFailure'],0
959,KMR,831401,125,Burried,21,Supply,1984,Line,InOperation,[0],['NoFailure'],['NoFailure'],0
960,KMR,403370,50,Burried,3,Supply,2013,House,InOperation,[0],['NoFailure'],['NoFailure'],0
961,KMR,849835,100,Burried,44,Supply,1992,Line,InOperation,[0],['NoFailure'],['NoFailure'],0
962,KMR,454572,50,Burried,4,Supply,2010,House,InOperation,[0],['NoFailure'],['NoFailure'],0
963,KMR,391088,25,Burried,18,Supply,2014,House,InOperation,[0],['NoFailure'],['NoFailure'],0
964,KMR,380851,50,Burried,5,Return,1980,House,InOperation,[0],['NoFailure'],['NoFailure'],0
965,KMR,376755,200,Burried,13,Supply,1973,Line,InOperation,[0],['NoFailure'],['NoFailure'],0
966,KMR,952245,250,Burried,46,Supply,2013,Line,InOperation,[0],['NoFailure'],['NoFailure'],0
967,KMR,108470,150,Burried,21,Supply,2004,Line,InOperation,[0],['NoFailure'],['NoFailure'],0
968,KMR,772021,50,Burried,72,Return,1976,House,InOperation,[0],['NoFailure'],['NoFailure'],0
969,KMR,788409,40,Burried,22,Return,2008,Line,InOperation,[0],['NoFailure'],['NoFailure'],0
970,KMR,968633,40,Burried,32,Supply,1997,House,InOperation,[0],['NoFailure'],['NoFailure'],0
971,KMR,894909,300,Burried,23,Supply,2020,Line,InOperation,[0],['NoFailure'],['NoFailure'],0
972,KMR,165827,300,Burried,20,Return,2002,House,InOperation,[0],['NoFailure'],['NoFailure'],0
973,KMR,137158,50,Burried,6,Supply,1998,Line,InOperation,[0],['NoFailure'],['NoFailure'],0
974,KMR,554951,65,Burried,14,Return,2012,Line,InOperation,[0],['NoFailure'],['NoFailure'],0
975,KMR,231368,80,Burried,42,Return,1992,Line,InOperation,[0],['NoFailure'],['NoFailure'],0
976,KMR,368582,50,Burried,5,Supply,1975,House,InOperation,[0],['NoFailure'],['NoFailure'],0
977,KMR,227270,65,Burried,15,Return,1979,House,InOperation,[2013],['Trivial'],['ThirdParty'],2023
978,KMR,999371,65,Burried,5,Supply,1972,House,InOperation,[0],['NoFailure'],['NoFailure'],0
979,KMR,960467,40,Burried,14,Return,1997,Line,InOperation,[0],['NoFailure'],['NoFailure'],0
980,KMR,495572,100,Burried,24,Return,2018,Line,InOperation,[0],['NoFailure'],['NoFailure'],0
981,KMR,362455,50,Burried,8,Return,2003,House,InOperation,[0],['NoFailure'],['NoFailure'],0
982,KMR,378848,250,Burried,14,Supply,2020,House,InOperation,[2021],['Substantial'],['Isolation'],2023
983,KMR,391137,65,Burried,4,Supply,2017,Line,InOperation,[0],['NoFailure'],['NoFailure'],0
984,KMR,464868,80,Burried,21,Return,1998,House,InOperation,[0],['NoFailure'],['NoFailure'],0
985,KMR,720868,150,Burried,28,Return,1989,Line,Decommissioned,[0],['NoFailure'],['NoFailure'],1990
986,KMR,172007,40,Burried,41,Return,1988,House,InOperation,[0],['NoFailure'],['NoFailure'],0
987,KMR,772074,50,Burried,66,Return,1985,Line,Decommissioned,[0],['NoFailure'],['NoFailure'],1986
988,KMR,260077,50,Burried,14,Supply,2012,House,InOperation,[0],['NoFailure'],['NoFailure'],0
989,KMR,714734,250,Burried,2,Supply,1976,House,InOperation,[0],['NoFailure'],['NoFailure'],0
990,KMR,684016,65,Burried,23,Return,1995,House,InOperation,[0],['NoFailure'],['NoFailure'],0
991,KMR,479217,50,Burried,69,Return,1984,House,InOperation,[0],['NoFailure'],['NoFailure'],0
992,KMR,540658,80,Burried,6,Return,1980,House,InOperation,[0],['NoFailure'],['NoFailure'],0
993,KMR,638961,65,Burried,18,Supply,1977,House,InOperation,[0],['NoFailure'],['NoFailure'],0
994,KMR,987123,80,Burried,177,Return,1978,Line,InOperation,[0],['NoFailure'],['NoFailure'],0
995,KMR,522229,125,Burried,13,Supply,2014,House,InOperation,[0],['NoFailure'],['NoFailure'],0
996,KMR,923638,40,Burried,11,Return,2006,Line,InOperation,[0],['NoFailure'],['NoFailure'],0
997,KMR,536567,25,Burried,7,Supply,1992,Line,InOperation,[0],['NoFailure'],['NoFailure'],0
998,KMR,743417,40,Burried,13,Return,1986,House,InOperation,[0],['NoFailure'],['NoFailure'],0
999,KMR,323578,32,Burried,2,Supply,1994,Line,InOperation,[0],['NoFailure'],['NoFailure'],0
